[{"model": "contenttypes.contenttype", "pk": 1, "fields": {"app_label": "admin", "model": "logentry"}}, {"model": "contenttypes.contenttype", "pk": 2, "fields": {"app_label": "auth", "model": "permission"}}, {"model": "contenttypes.contenttype", "pk": 3, "fields": {"app_label": "auth", "model": "group"}}, {"model": "contenttypes.contenttype", "pk": 4, "fields": {"app_label": "auth", "model": "user"}}, {"model": "contenttypes.contenttype", "pk": 5, "fields": {"app_label": "contenttypes", "model": "contenttype"}}, {"model": "contenttypes.contenttype", "pk": 6, "fields": {"app_label": "sessions", "model": "session"}}, {"model": "contenttypes.contenttype", "pk": 7, "fields": {"app_label": "blog", "model": "blog"}}, {"model": "contenttypes.contenttype", "pk": 8, "fields": {"app_label": "blog", "model": "blogtype"}}, {"model": "contenttypes.contenttype", "pk": 9, "fields": {"app_label": "read_statistics", "model": "readnum"}}, {"model": "contenttypes.contenttype", "pk": 10, "fields": {"app_label": "read_statistics", "model": "readdetail"}}, {"model": "contenttypes.contenttype", "pk": 11, "fields": {"app_label": "comment", "model": "comment"}}, {"model": "contenttypes.contenttype", "pk": 12, "fields": {"app_label": "likes", "model": "likecount"}}, {"model": "contenttypes.contenttype", "pk": 13, "fields": {"app_label": "likes", "model": "likerecord"}}, {"model": "contenttypes.contenttype", "pk": 14, "fields": {"app_label": "user", "model": "profile"}}, {"model": "sessions.session", "pk": "7z2ojhoxo7lpqkfluxhwzcyqzk1pp9oy", "fields": {"session_data": "ZDA4YTI0MjFiMGViMjQ0YmE1ODgzNzAwMjc3ZDE5Mjk3NjRjNTY0Mjp7Il9hdXRoX3VzZXJfaWQiOiIxIiwiX2F1dGhfdXNlcl9iYWNrZW5kIjoiZGphbmdvLmNvbnRyaWIuYXV0aC5iYWNrZW5kcy5Nb2RlbEJhY2tlbmQiLCJfYXV0aF91c2VyX2hhc2giOiI0NTZjZjIxMjQ2NWJlNDljNTdhOGYwOTdhNDIxZTE1YzljYjdkODU4In0=", "expire_date": "2020-05-20T16:49:34.917Z"}}, {"model": "sessions.session", "pk": "vgm6nnhc8zv0w8ezslp2gm9dty4cylzg", "fields": {"session_data": "ZDA4YTI0MjFiMGViMjQ0YmE1ODgzNzAwMjc3ZDE5Mjk3NjRjNTY0Mjp7Il9hdXRoX3VzZXJfaWQiOiIxIiwiX2F1dGhfdXNlcl9iYWNrZW5kIjoiZGphbmdvLmNvbnRyaWIuYXV0aC5iYWNrZW5kcy5Nb2RlbEJhY2tlbmQiLCJfYXV0aF91c2VyX2hhc2giOiI0NTZjZjIxMjQ2NWJlNDljNTdhOGYwOTdhNDIxZTE1YzljYjdkODU4In0=", "expire_date": "2020-05-20T16:17:01.621Z"}}, {"model": "sessions.session", "pk": "zzsaofhp5cm7zrhtnvucetnrwdmd3lkr", "fields": {"session_data": "NWRiN2Q4NTI1OTIyNTY4NzdmNjA5YzEwNzdiNTNhYjkzOTEzMGYzYTp7ImZvcmdvdHBhc3N3b3JkX2NvZGUiOiJhblBxIiwic2VuZF9jb2RlX3RpbWUiOjE1ODkxNzAwNzUsInJlZ2lzdGVyX2NvZGUiOiJDcERkIiwiX2F1dGhfdXNlcl9pZCI6IjIiLCJfYXV0aF91c2VyX2JhY2tlbmQiOiJkamFuZ28uY29udHJpYi5hdXRoLmJhY2tlbmRzLk1vZGVsQmFja2VuZCIsIl9hdXRoX3VzZXJfaGFzaCI6IjcyZDhkNDZmODA1MTllZWE5N2RjNDAzNjZhMTRhYzM1NTZjNGQ0Y2MifQ==", "expire_date": "2020-05-25T12:43:47.409Z"}}, {"model": "blog.blogtype", "pk": 1, "fields": {"type_name": "Django", "is_deleted": false}}, {"model": "blog.blogtype", "pk": 2, "fields": {"type_name": "Flask", "is_deleted": false}}, {"model": "blog.blogtype", "pk": 3, "fields": {"type_name": "\u968f\u7b14", "is_deleted": false}}, {"model": "blog.blogtype", "pk": 4, "fields": {"type_name": "\u611f\u609f", "is_deleted": false}}, {"model": "read_statistics.readnum", "pk": 1, "fields": {"read_num": 1, "content_type": 7, "object_id": 1}}, {"model": "read_statistics.readnum", "pk": 2, "fields": {"read_num": 2, "content_type": 7, "object_id": 2}}, {"model": "read_statistics.readnum", "pk": 3, "fields": {"read_num": 2, "content_type": 7, "object_id": 5}}, {"model": "read_statistics.readnum", "pk": 4, "fields": {"read_num": 2, "content_type": 7, "object_id": 4}}, {"model": "read_statistics.readnum", "pk": 5, "fields": {"read_num": 50, "content_type": 7, "object_id": 35}}, {"model": "read_statistics.readnum", "pk": 6, "fields": {"read_num": 11, "content_type": 7, "object_id": 34}}, {"model": "read_statistics.readnum", "pk": 7, "fields": {"read_num": 8, "content_type": 7, "object_id": 33}}, {"model": "read_statistics.readnum", "pk": 8, "fields": {"read_num": 3, "content_type": 7, "object_id": 31}}, {"model": "read_statistics.readnum", "pk": 9, "fields": {"read_num": 4, "content_type": 7, "object_id": 32}}, {"model": "read_statistics.readnum", "pk": 10, "fields": {"read_num": 3, "content_type": 7, "object_id": 30}}, {"model": "read_statistics.readnum", "pk": 11, "fields": {"read_num": 5, "content_type": 7, "object_id": 25}}, {"model": "read_statistics.readnum", "pk": 12, "fields": {"read_num": 3, "content_type": 7, "object_id": 29}}, {"model": "read_statistics.readnum", "pk": 13, "fields": {"read_num": 3, "content_type": 7, "object_id": 28}}, {"model": "read_statistics.readnum", "pk": 14, "fields": {"read_num": 3, "content_type": 7, "object_id": 27}}, {"model": "read_statistics.readnum", "pk": 15, "fields": {"read_num": 3, "content_type": 7, "object_id": 26}}, {"model": "read_statistics.readnum", "pk": 16, "fields": {"read_num": 2, "content_type": 7, "object_id": 24}}, {"model": "read_statistics.readnum", "pk": 17, "fields": {"read_num": 2, "content_type": 7, "object_id": 23}}, {"model": "read_statistics.readnum", "pk": 18, "fields": {"read_num": 2, "content_type": 7, "object_id": 22}}, {"model": "read_statistics.readnum", "pk": 19, "fields": {"read_num": 2, "content_type": 7, "object_id": 21}}, {"model": "read_statistics.readnum", "pk": 20, "fields": {"read_num": 2, "content_type": 7, "object_id": 20}}, {"model": "read_statistics.readnum", "pk": 21, "fields": {"read_num": 2, "content_type": 7, "object_id": 19}}, {"model": "read_statistics.readnum", "pk": 22, "fields": {"read_num": 2, "content_type": 7, "object_id": 18}}, {"model": "read_statistics.readnum", "pk": 23, "fields": {"read_num": 2, "content_type": 7, "object_id": 17}}, {"model": "read_statistics.readnum", "pk": 24, "fields": {"read_num": 2, "content_type": 7, "object_id": 16}}, {"model": "read_statistics.readnum", "pk": 25, "fields": {"read_num": 2, "content_type": 7, "object_id": 15}}, {"model": "read_statistics.readnum", "pk": 26, "fields": {"read_num": 1, "content_type": 7, "object_id": 14}}, {"model": "read_statistics.readnum", "pk": 27, "fields": {"read_num": 1, "content_type": 7, "object_id": 13}}, {"model": "read_statistics.readnum", "pk": 28, "fields": {"read_num": 1, "content_type": 7, "object_id": 12}}, {"model": "read_statistics.readnum", "pk": 29, "fields": {"read_num": 1, "content_type": 7, "object_id": 11}}, {"model": "read_statistics.readnum", "pk": 30, "fields": {"read_num": 1, "content_type": 7, "object_id": 10}}, {"model": "read_statistics.readdetail", "pk": 1, "fields": {"date": "2020-05-03", "read_num": 2, "content_type": 7, "object_id": 1}}, {"model": "read_statistics.readdetail", "pk": 2, "fields": {"date": "2020-05-05", "read_num": 3, "content_type": 7, "object_id": 35}}, {"model": "read_statistics.readdetail", "pk": 3, "fields": {"date": "2020-05-05", "read_num": 2, "content_type": 7, "object_id": 35}}, {"model": "read_statistics.readdetail", "pk": 4, "fields": {"date": "2020-05-06", "read_num": 2, "content_type": 7, "object_id": 33}}, {"model": "read_statistics.readdetail", "pk": 5, "fields": {"date": "2020-05-06", "read_num": 2, "content_type": 7, "object_id": 31}}, {"model": "read_statistics.readdetail", "pk": 6, "fields": {"date": "2020-05-06", "read_num": 2, "content_type": 7, "object_id": 32}}, {"model": "read_statistics.readdetail", "pk": 7, "fields": {"date": "2020-05-04", "read_num": 1, "content_type": 7, "object_id": 30}}, {"model": "read_statistics.readdetail", "pk": 8, "fields": {"date": "2020-05-06", "read_num": 4, "content_type": 7, "object_id": 25}}, {"model": "read_statistics.readdetail", "pk": 9, "fields": {"date": "2020-05-06", "read_num": 2, "content_type": 7, "object_id": 29}}, {"model": "read_statistics.readdetail", "pk": 10, "fields": {"date": "2020-05-06", "read_num": 2, "content_type": 7, "object_id": 28}}, {"model": "read_statistics.readdetail", "pk": 11, "fields": {"date": "2020-05-06", "read_num": 2, "content_type": 7, "object_id": 27}}, {"model": "read_statistics.readdetail", "pk": 12, "fields": {"date": "2020-05-06", "read_num": 7, "content_type": 7, "object_id": 35}}, {"model": "read_statistics.readdetail", "pk": 13, "fields": {"date": "2020-05-06", "read_num": 7, "content_type": 7, "object_id": 34}}, {"model": "read_statistics.readdetail", "pk": 14, "fields": {"date": "2020-05-06", "read_num": 2, "content_type": 7, "object_id": 26}}, {"model": "read_statistics.readdetail", "pk": 15, "fields": {"date": "2020-05-06", "read_num": 2, "content_type": 7, "object_id": 24}}, {"model": "read_statistics.readdetail", "pk": 16, "fields": {"date": "2020-05-06", "read_num": 2, "content_type": 7, "object_id": 23}}, {"model": "read_statistics.readdetail", "pk": 17, "fields": {"date": "2020-05-06", "read_num": 2, "content_type": 7, "object_id": 22}}, {"model": "read_statistics.readdetail", "pk": 18, "fields": {"date": "2020-05-06", "read_num": 2, "content_type": 7, "object_id": 21}}, {"model": "read_statistics.readdetail", "pk": 19, "fields": {"date": "2020-05-06", "read_num": 2, "content_type": 7, "object_id": 20}}, {"model": "read_statistics.readdetail", "pk": 20, "fields": {"date": "2020-05-06", "read_num": 2, "content_type": 7, "object_id": 19}}, {"model": "read_statistics.readdetail", "pk": 21, "fields": {"date": "2020-05-06", "read_num": 2, "content_type": 7, "object_id": 18}}, {"model": "read_statistics.readdetail", "pk": 22, "fields": {"date": "2020-05-06", "read_num": 2, "content_type": 7, "object_id": 17}}, {"model": "read_statistics.readdetail", "pk": 23, "fields": {"date": "2020-05-06", "read_num": 2, "content_type": 7, "object_id": 16}}, {"model": "read_statistics.readdetail", "pk": 24, "fields": {"date": "2020-05-06", "read_num": 2, "content_type": 7, "object_id": 15}}, {"model": "read_statistics.readdetail", "pk": 25, "fields": {"date": "2020-05-06", "read_num": 1, "content_type": 7, "object_id": 1}}, {"model": "read_statistics.readdetail", "pk": 26, "fields": {"date": "2020-05-06", "read_num": 1, "content_type": 7, "object_id": 2}}, {"model": "read_statistics.readdetail", "pk": 27, "fields": {"date": "2020-05-06", "read_num": 1, "content_type": 7, "object_id": 30}}, {"model": "read_statistics.readdetail", "pk": 28, "fields": {"date": "2020-05-06", "read_num": 1, "content_type": 7, "object_id": 14}}, {"model": "read_statistics.readdetail", "pk": 29, "fields": {"date": "2020-05-06", "read_num": 1, "content_type": 7, "object_id": 13}}, {"model": "read_statistics.readdetail", "pk": 30, "fields": {"date": "2020-05-06", "read_num": 1, "content_type": 7, "object_id": 12}}, {"model": "read_statistics.readdetail", "pk": 31, "fields": {"date": "2020-05-06", "read_num": 1, "content_type": 7, "object_id": 11}}, {"model": "read_statistics.readdetail", "pk": 32, "fields": {"date": "2020-05-06", "read_num": 1, "content_type": 7, "object_id": 10}}, {"model": "read_statistics.readdetail", "pk": 33, "fields": {"date": "2020-05-07", "read_num": 16, "content_type": 7, "object_id": 35}}, {"model": "read_statistics.readdetail", "pk": 34, "fields": {"date": "2020-05-08", "read_num": 7, "content_type": 7, "object_id": 35}}, {"model": "read_statistics.readdetail", "pk": 35, "fields": {"date": "2020-05-08", "read_num": 4, "content_type": 7, "object_id": 34}}, {"model": "read_statistics.readdetail", "pk": 36, "fields": {"date": "2020-05-08", "read_num": 4, "content_type": 7, "object_id": 33}}, {"model": "read_statistics.readdetail", "pk": 37, "fields": {"date": "2020-05-08", "read_num": 1, "content_type": 7, "object_id": 32}}, {"model": "read_statistics.readdetail", "pk": 38, "fields": {"date": "2020-05-08", "read_num": 1, "content_type": 7, "object_id": 31}}, {"model": "read_statistics.readdetail", "pk": 39, "fields": {"date": "2020-05-08", "read_num": 1, "content_type": 7, "object_id": 30}}, {"model": "read_statistics.readdetail", "pk": 40, "fields": {"date": "2020-05-08", "read_num": 1, "content_type": 7, "object_id": 29}}, {"model": "read_statistics.readdetail", "pk": 41, "fields": {"date": "2020-05-08", "read_num": 1, "content_type": 7, "object_id": 28}}, {"model": "read_statistics.readdetail", "pk": 42, "fields": {"date": "2020-05-08", "read_num": 1, "content_type": 7, "object_id": 27}}, {"model": "read_statistics.readdetail", "pk": 43, "fields": {"date": "2020-05-08", "read_num": 1, "content_type": 7, "object_id": 26}}, {"model": "read_statistics.readdetail", "pk": 44, "fields": {"date": "2020-05-08", "read_num": 1, "content_type": 7, "object_id": 5}}, {"model": "read_statistics.readdetail", "pk": 45, "fields": {"date": "2020-05-08", "read_num": 1, "content_type": 7, "object_id": 4}}, {"model": "read_statistics.readdetail", "pk": 46, "fields": {"date": "2020-05-09", "read_num": 10, "content_type": 7, "object_id": 35}}, {"model": "read_statistics.readdetail", "pk": 47, "fields": {"date": "2020-05-09", "read_num": 3, "content_type": 7, "object_id": 34}}, {"model": "read_statistics.readdetail", "pk": 48, "fields": {"date": "2020-05-09", "read_num": 1, "content_type": 7, "object_id": 33}}, {"model": "read_statistics.readdetail", "pk": 49, "fields": {"date": "2020-05-09", "read_num": 1, "content_type": 7, "object_id": 32}}, {"model": "read_statistics.readdetail", "pk": 50, "fields": {"date": "2020-05-11", "read_num": 5, "content_type": 7, "object_id": 35}}, {"model": "likes.likecount", "pk": 1, "fields": {"content_type": 7, "object_id": 35, "liked_num": 1}}, {"model": "likes.likecount", "pk": 2, "fields": {"content_type": 7, "object_id": 34, "liked_num": 1}}, {"model": "likes.likecount", "pk": 3, "fields": {"content_type": 7, "object_id": 33, "liked_num": 0}}, {"model": "likes.likecount", "pk": 4, "fields": {"content_type": 7, "object_id": 32, "liked_num": 0}}, {"model": "likes.likecount", "pk": 5, "fields": {"content_type": 7, "object_id": 31, "liked_num": 0}}, {"model": "likes.likecount", "pk": 6, "fields": {"content_type": 11, "object_id": 43, "liked_num": 1}}, {"model": "likes.likecount", "pk": 7, "fields": {"content_type": 11, "object_id": 42, "liked_num": 1}}, {"model": "likes.likecount", "pk": 8, "fields": {"content_type": 11, "object_id": 41, "liked_num": 0}}, {"model": "likes.likecount", "pk": 9, "fields": {"content_type": 11, "object_id": 40, "liked_num": 0}}, {"model": "likes.likecount", "pk": 10, "fields": {"content_type": 11, "object_id": 39, "liked_num": 0}}, {"model": "likes.likecount", "pk": 11, "fields": {"content_type": 11, "object_id": 37, "liked_num": 0}}, {"model": "likes.likecount", "pk": 12, "fields": {"content_type": 11, "object_id": 36, "liked_num": 0}}, {"model": "likes.likecount", "pk": 13, "fields": {"content_type": 11, "object_id": 35, "liked_num": 0}}, {"model": "likes.likecount", "pk": 14, "fields": {"content_type": 11, "object_id": 33, "liked_num": 0}}, {"model": "likes.likecount", "pk": 15, "fields": {"content_type": 11, "object_id": 44, "liked_num": 0}}, {"model": "likes.likecount", "pk": 16, "fields": {"content_type": 11, "object_id": 38, "liked_num": 0}}, {"model": "likes.likecount", "pk": 17, "fields": {"content_type": 11, "object_id": 34, "liked_num": 0}}, {"model": "likes.likecount", "pk": 18, "fields": {"content_type": 11, "object_id": 68, "liked_num": 1}}, {"model": "likes.likecount", "pk": 19, "fields": {"content_type": 11, "object_id": 69, "liked_num": 1}}, {"model": "likes.likecount", "pk": 20, "fields": {"content_type": 11, "object_id": 70, "liked_num": 1}}, {"model": "likes.likecount", "pk": 21, "fields": {"content_type": 11, "object_id": 71, "liked_num": 1}}, {"model": "likes.likecount", "pk": 22, "fields": {"content_type": 11, "object_id": 72, "liked_num": 1}}, {"model": "likes.likecount", "pk": 23, "fields": {"content_type": 11, "object_id": 73, "liked_num": 0}}, {"model": "likes.likecount", "pk": 24, "fields": {"content_type": 11, "object_id": 74, "liked_num": 0}}, {"model": "likes.likecount", "pk": 25, "fields": {"content_type": 11, "object_id": 75, "liked_num": 0}}, {"model": "likes.likecount", "pk": 26, "fields": {"content_type": 11, "object_id": 26, "liked_num": 0}}, {"model": "likes.likecount", "pk": 27, "fields": {"content_type": 11, "object_id": 27, "liked_num": 0}}, {"model": "likes.likecount", "pk": 28, "fields": {"content_type": 11, "object_id": 28, "liked_num": 0}}, {"model": "likes.likecount", "pk": 29, "fields": {"content_type": 11, "object_id": 29, "liked_num": 0}}, {"model": "likes.likecount", "pk": 30, "fields": {"content_type": 11, "object_id": 30, "liked_num": 0}}, {"model": "likes.likecount", "pk": 31, "fields": {"content_type": 11, "object_id": 31, "liked_num": 0}}, {"model": "likes.likecount", "pk": 32, "fields": {"content_type": 11, "object_id": 32, "liked_num": 0}}, {"model": "likes.likecount", "pk": 33, "fields": {"content_type": 11, "object_id": 20, "liked_num": 0}}, {"model": "likes.likecount", "pk": 34, "fields": {"content_type": 11, "object_id": 21, "liked_num": 0}}, {"model": "likes.likecount", "pk": 35, "fields": {"content_type": 11, "object_id": 22, "liked_num": 0}}, {"model": "likes.likecount", "pk": 36, "fields": {"content_type": 11, "object_id": 23, "liked_num": 0}}, {"model": "likes.likecount", "pk": 37, "fields": {"content_type": 11, "object_id": 24, "liked_num": 0}}, {"model": "likes.likecount", "pk": 38, "fields": {"content_type": 11, "object_id": 25, "liked_num": 0}}, {"model": "likes.likecount", "pk": 39, "fields": {"content_type": 11, "object_id": 19, "liked_num": 0}}, {"model": "likes.likecount", "pk": 40, "fields": {"content_type": 11, "object_id": 18, "liked_num": 0}}, {"model": "likes.likecount", "pk": 41, "fields": {"content_type": 11, "object_id": 17, "liked_num": 0}}, {"model": "likes.likecount", "pk": 42, "fields": {"content_type": 11, "object_id": 16, "liked_num": 0}}, {"model": "likes.likecount", "pk": 43, "fields": {"content_type": 11, "object_id": 15, "liked_num": 0}}, {"model": "likes.likecount", "pk": 44, "fields": {"content_type": 11, "object_id": 14, "liked_num": 0}}, {"model": "likes.likecount", "pk": 45, "fields": {"content_type": 11, "object_id": 13, "liked_num": 0}}, {"model": "likes.likecount", "pk": 46, "fields": {"content_type": 11, "object_id": 12, "liked_num": 0}}, {"model": "likes.likecount", "pk": 47, "fields": {"content_type": 11, "object_id": 11, "liked_num": 0}}, {"model": "likes.likecount", "pk": 48, "fields": {"content_type": 11, "object_id": 10, "liked_num": 0}}, {"model": "likes.likecount", "pk": 49, "fields": {"content_type": 11, "object_id": 9, "liked_num": 0}}, {"model": "likes.likecount", "pk": 50, "fields": {"content_type": 11, "object_id": 8, "liked_num": 0}}, {"model": "likes.likecount", "pk": 51, "fields": {"content_type": 11, "object_id": 7, "liked_num": 0}}, {"model": "likes.likecount", "pk": 52, "fields": {"content_type": 11, "object_id": 6, "liked_num": 0}}, {"model": "likes.likecount", "pk": 53, "fields": {"content_type": 11, "object_id": 5, "liked_num": 0}}, {"model": "likes.likecount", "pk": 54, "fields": {"content_type": 11, "object_id": 4, "liked_num": 0}}, {"model": "likes.likecount", "pk": 55, "fields": {"content_type": 11, "object_id": 3, "liked_num": 0}}, {"model": "likes.likecount", "pk": 56, "fields": {"content_type": 11, "object_id": 2, "liked_num": 0}}, {"model": "likes.likecount", "pk": 57, "fields": {"content_type": 11, "object_id": 1, "liked_num": 0}}, {"model": "likes.likecount", "pk": 58, "fields": {"content_type": 7, "object_id": 5, "liked_num": 0}}, {"model": "likes.likecount", "pk": 59, "fields": {"content_type": 7, "object_id": 3, "liked_num": 0}}, {"model": "likes.likecount", "pk": 60, "fields": {"content_type": 11, "object_id": 64, "liked_num": 0}}, {"model": "likes.likecount", "pk": 61, "fields": {"content_type": 11, "object_id": 65, "liked_num": 0}}, {"model": "likes.likecount", "pk": 62, "fields": {"content_type": 11, "object_id": 66, "liked_num": 0}}, {"model": "likes.likecount", "pk": 63, "fields": {"content_type": 11, "object_id": 67, "liked_num": 0}}, {"model": "likes.likecount", "pk": 64, "fields": {"content_type": 11, "object_id": 62, "liked_num": 0}}, {"model": "likes.likecount", "pk": 65, "fields": {"content_type": 11, "object_id": 63, "liked_num": 0}}, {"model": "likes.likecount", "pk": 66, "fields": {"content_type": 11, "object_id": 60, "liked_num": 0}}, {"model": "likes.likecount", "pk": 67, "fields": {"content_type": 11, "object_id": 61, "liked_num": 0}}, {"model": "likes.likecount", "pk": 68, "fields": {"content_type": 11, "object_id": 58, "liked_num": 0}}, {"model": "likes.likecount", "pk": 69, "fields": {"content_type": 11, "object_id": 59, "liked_num": 0}}, {"model": "likes.likecount", "pk": 70, "fields": {"content_type": 11, "object_id": 56, "liked_num": 0}}, {"model": "likes.likecount", "pk": 71, "fields": {"content_type": 11, "object_id": 57, "liked_num": 0}}, {"model": "likes.likecount", "pk": 72, "fields": {"content_type": 11, "object_id": 54, "liked_num": 0}}, {"model": "likes.likecount", "pk": 73, "fields": {"content_type": 11, "object_id": 55, "liked_num": 0}}, {"model": "likes.likecount", "pk": 74, "fields": {"content_type": 11, "object_id": 52, "liked_num": 0}}, {"model": "likes.likecount", "pk": 75, "fields": {"content_type": 11, "object_id": 53, "liked_num": 0}}, {"model": "likes.likecount", "pk": 76, "fields": {"content_type": 11, "object_id": 47, "liked_num": 0}}, {"model": "likes.likecount", "pk": 77, "fields": {"content_type": 11, "object_id": 48, "liked_num": 0}}, {"model": "likes.likecount", "pk": 78, "fields": {"content_type": 11, "object_id": 49, "liked_num": 0}}, {"model": "likes.likecount", "pk": 79, "fields": {"content_type": 11, "object_id": 50, "liked_num": 0}}, {"model": "likes.likecount", "pk": 80, "fields": {"content_type": 11, "object_id": 46, "liked_num": 0}}, {"model": "likes.likecount", "pk": 81, "fields": {"content_type": 11, "object_id": 51, "liked_num": 0}}, {"model": "likes.likecount", "pk": 82, "fields": {"content_type": 11, "object_id": 45, "liked_num": 0}}, {"model": "likes.likecount", "pk": 83, "fields": {"content_type": 11, "object_id": 76, "liked_num": 0}}, {"model": "likes.likecount", "pk": 84, "fields": {"content_type": 11, "object_id": 77, "liked_num": 0}}, {"model": "likes.likecount", "pk": 85, "fields": {"content_type": 11, "object_id": 78, "liked_num": 0}}, {"model": "likes.likecount", "pk": 86, "fields": {"content_type": 11, "object_id": 79, "liked_num": 0}}, {"model": "likes.likecount", "pk": 87, "fields": {"content_type": 11, "object_id": 80, "liked_num": 0}}, {"model": "likes.likecount", "pk": 88, "fields": {"content_type": 11, "object_id": 81, "liked_num": 0}}, {"model": "likes.likecount", "pk": 89, "fields": {"content_type": 11, "object_id": 83, "liked_num": 0}}, {"model": "likes.likecount", "pk": 90, "fields": {"content_type": 11, "object_id": 84, "liked_num": 0}}, {"model": "likes.likecount", "pk": 91, "fields": {"content_type": 11, "object_id": 87, "liked_num": 0}}, {"model": "likes.likecount", "pk": 92, "fields": {"content_type": 11, "object_id": 86, "liked_num": 0}}, {"model": "likes.likecount", "pk": 93, "fields": {"content_type": 11, "object_id": 85, "liked_num": 0}}, {"model": "likes.likecount", "pk": 94, "fields": {"content_type": 11, "object_id": 88, "liked_num": 0}}, {"model": "likes.likecount", "pk": 95, "fields": {"content_type": 11, "object_id": 91, "liked_num": 0}}, {"model": "likes.likecount", "pk": 96, "fields": {"content_type": 11, "object_id": 90, "liked_num": 0}}, {"model": "likes.likecount", "pk": 97, "fields": {"content_type": 11, "object_id": 89, "liked_num": 0}}, {"model": "likes.likecount", "pk": 98, "fields": {"content_type": 7, "object_id": 4, "liked_num": 0}}, {"model": "likes.likecount", "pk": 99, "fields": {"content_type": 7, "object_id": 2, "liked_num": 0}}, {"model": "likes.likecount", "pk": 100, "fields": {"content_type": 7, "object_id": 1, "liked_num": 0}}, {"model": "auth.permission", "pk": 1, "fields": {"name": "Can add log entry", "content_type": 1, "codename": "add_logentry"}}, {"model": "auth.permission", "pk": 2, "fields": {"name": "Can change log entry", "content_type": 1, "codename": "change_logentry"}}, {"model": "auth.permission", "pk": 3, "fields": {"name": "Can delete log entry", "content_type": 1, "codename": "delete_logentry"}}, {"model": "auth.permission", "pk": 4, "fields": {"name": "Can view log entry", "content_type": 1, "codename": "view_logentry"}}, {"model": "auth.permission", "pk": 5, "fields": {"name": "Can add permission", "content_type": 2, "codename": "add_permission"}}, {"model": "auth.permission", "pk": 6, "fields": {"name": "Can change permission", "content_type": 2, "codename": "change_permission"}}, {"model": "auth.permission", "pk": 7, "fields": {"name": "Can delete permission", "content_type": 2, "codename": "delete_permission"}}, {"model": "auth.permission", "pk": 8, "fields": {"name": "Can view permission", "content_type": 2, "codename": "view_permission"}}, {"model": "auth.permission", "pk": 9, "fields": {"name": "Can add group", "content_type": 3, "codename": "add_group"}}, {"model": "auth.permission", "pk": 10, "fields": {"name": "Can change group", "content_type": 3, "codename": "change_group"}}, {"model": "auth.permission", "pk": 11, "fields": {"name": "Can delete group", "content_type": 3, "codename": "delete_group"}}, {"model": "auth.permission", "pk": 12, "fields": {"name": "Can view group", "content_type": 3, "codename": "view_group"}}, {"model": "auth.permission", "pk": 13, "fields": {"name": "Can add user", "content_type": 4, "codename": "add_user"}}, {"model": "auth.permission", "pk": 14, "fields": {"name": "Can change user", "content_type": 4, "codename": "change_user"}}, {"model": "auth.permission", "pk": 15, "fields": {"name": "Can delete user", "content_type": 4, "codename": "delete_user"}}, {"model": "auth.permission", "pk": 16, "fields": {"name": "Can view user", "content_type": 4, "codename": "view_user"}}, {"model": "auth.permission", "pk": 17, "fields": {"name": "Can add content type", "content_type": 5, "codename": "add_contenttype"}}, {"model": "auth.permission", "pk": 18, "fields": {"name": "Can change content type", "content_type": 5, "codename": "change_contenttype"}}, {"model": "auth.permission", "pk": 19, "fields": {"name": "Can delete content type", "content_type": 5, "codename": "delete_contenttype"}}, {"model": "auth.permission", "pk": 20, "fields": {"name": "Can view content type", "content_type": 5, "codename": "view_contenttype"}}, {"model": "auth.permission", "pk": 21, "fields": {"name": "Can add session", "content_type": 6, "codename": "add_session"}}, {"model": "auth.permission", "pk": 22, "fields": {"name": "Can change session", "content_type": 6, "codename": "change_session"}}, {"model": "auth.permission", "pk": 23, "fields": {"name": "Can delete session", "content_type": 6, "codename": "delete_session"}}, {"model": "auth.permission", "pk": 24, "fields": {"name": "Can view session", "content_type": 6, "codename": "view_session"}}, {"model": "auth.permission", "pk": 25, "fields": {"name": "Can add blog", "content_type": 7, "codename": "add_blog"}}, {"model": "auth.permission", "pk": 26, "fields": {"name": "Can change blog", "content_type": 7, "codename": "change_blog"}}, {"model": "auth.permission", "pk": 27, "fields": {"name": "Can delete blog", "content_type": 7, "codename": "delete_blog"}}, {"model": "auth.permission", "pk": 28, "fields": {"name": "Can view blog", "content_type": 7, "codename": "view_blog"}}, {"model": "auth.permission", "pk": 29, "fields": {"name": "Can add blog type", "content_type": 8, "codename": "add_blogtype"}}, {"model": "auth.permission", "pk": 30, "fields": {"name": "Can change blog type", "content_type": 8, "codename": "change_blogtype"}}, {"model": "auth.permission", "pk": 31, "fields": {"name": "Can delete blog type", "content_type": 8, "codename": "delete_blogtype"}}, {"model": "auth.permission", "pk": 32, "fields": {"name": "Can view blog type", "content_type": 8, "codename": "view_blogtype"}}, {"model": "auth.permission", "pk": 33, "fields": {"name": "Can add read num", "content_type": 9, "codename": "add_readnum"}}, {"model": "auth.permission", "pk": 34, "fields": {"name": "Can change read num", "content_type": 9, "codename": "change_readnum"}}, {"model": "auth.permission", "pk": 35, "fields": {"name": "Can delete read num", "content_type": 9, "codename": "delete_readnum"}}, {"model": "auth.permission", "pk": 36, "fields": {"name": "Can view read num", "content_type": 9, "codename": "view_readnum"}}, {"model": "auth.permission", "pk": 37, "fields": {"name": "Can add read detail", "content_type": 10, "codename": "add_readdetail"}}, {"model": "auth.permission", "pk": 38, "fields": {"name": "Can change read detail", "content_type": 10, "codename": "change_readdetail"}}, {"model": "auth.permission", "pk": 39, "fields": {"name": "Can delete read detail", "content_type": 10, "codename": "delete_readdetail"}}, {"model": "auth.permission", "pk": 40, "fields": {"name": "Can view read detail", "content_type": 10, "codename": "view_readdetail"}}, {"model": "auth.permission", "pk": 41, "fields": {"name": "Can add comment", "content_type": 11, "codename": "add_comment"}}, {"model": "auth.permission", "pk": 42, "fields": {"name": "Can change comment", "content_type": 11, "codename": "change_comment"}}, {"model": "auth.permission", "pk": 43, "fields": {"name": "Can delete comment", "content_type": 11, "codename": "delete_comment"}}, {"model": "auth.permission", "pk": 44, "fields": {"name": "Can view comment", "content_type": 11, "codename": "view_comment"}}, {"model": "auth.permission", "pk": 45, "fields": {"name": "Can add like count", "content_type": 12, "codename": "add_likecount"}}, {"model": "auth.permission", "pk": 46, "fields": {"name": "Can change like count", "content_type": 12, "codename": "change_likecount"}}, {"model": "auth.permission", "pk": 47, "fields": {"name": "Can delete like count", "content_type": 12, "codename": "delete_likecount"}}, {"model": "auth.permission", "pk": 48, "fields": {"name": "Can view like count", "content_type": 12, "codename": "view_likecount"}}, {"model": "auth.permission", "pk": 49, "fields": {"name": "Can add like record", "content_type": 13, "codename": "add_likerecord"}}, {"model": "auth.permission", "pk": 50, "fields": {"name": "Can change like record", "content_type": 13, "codename": "change_likerecord"}}, {"model": "auth.permission", "pk": 51, "fields": {"name": "Can delete like record", "content_type": 13, "codename": "delete_likerecord"}}, {"model": "auth.permission", "pk": 52, "fields": {"name": "Can view like record", "content_type": 13, "codename": "view_likerecord"}}, {"model": "auth.permission", "pk": 53, "fields": {"name": "Can add profile", "content_type": 14, "codename": "add_profile"}}, {"model": "auth.permission", "pk": 54, "fields": {"name": "Can change profile", "content_type": 14, "codename": "change_profile"}}, {"model": "auth.permission", "pk": 55, "fields": {"name": "Can delete profile", "content_type": 14, "codename": "delete_profile"}}, {"model": "auth.permission", "pk": 56, "fields": {"name": "Can view profile", "content_type": 14, "codename": "view_profile"}}, {"model": "auth.user", "pk": 1, "fields": {"password": "pbkdf2_sha256$120000$9QBctmQSlZUN$KXxxAJFpbDnZ460j0ox/iftSVNsBzQTACzFQYO45jrA=", "last_login": "2020-05-11T11:54:31.780Z", "is_superuser": true, "username": "admin", "first_name": "", "last_name": "", "email": "454755683@qq.com", "is_staff": true, "is_active": true, "date_joined": "2020-04-30T01:52:00Z", "groups": [], "user_permissions": []}}, {"model": "auth.user", "pk": 2, "fields": {"password": "pbkdf2_sha256$120000$CkHfNF4bHABV$LOVkUR/qgrKyg3SVUH6SCDU25SaNEMop0D5FITYrchw=", "last_login": "2020-05-11T12:43:47.406Z", "is_superuser": false, "username": "csm", "first_name": "", "last_name": "", "email": "", "is_staff": true, "is_active": true, "date_joined": "2020-05-07T12:18:00Z", "groups": [], "user_permissions": []}}, {"model": "auth.user", "pk": 3, "fields": {"password": "pbkdf2_sha256$120000$OSXkyy43V15C$R7doQcEuPayj23Gx5elHGn4dkSZSNhxKFbo50s06wkc=", "last_login": "2020-05-11T10:19:28.336Z", "is_superuser": false, "username": "csm1", "first_name": "", "last_name": "", "email": "", "is_staff": false, "is_active": true, "date_joined": "2020-05-09T15:44:26.101Z", "groups": [], "user_permissions": []}}, {"model": "blog.blog", "pk": 1, "fields": {"title": "\u7b2c\u4e00\u7bc7\u535a\u5ba2", "blog_type": 3, "content": "\u7b2c\u4e00\u7bc7\u535a\u5ba2\u7b2c\u4e00\u7bc7\u535a\u5ba2\u7b2c\u4e00\u7bc7\u535a\u5ba2\u7b2c\u4e00\u7bc7\u535a\u5ba2\u7b2c\u4e00\u7bc7\u535a\u5ba2\u7b2c\u4e00\u7bc7\u535a\u5ba2\u7b2c\u4e00\u7bc7\u535a\u5ba2\u7b2c\u4e00\u7bc7\u535a\u5ba2\u7b2c\u4e00\u7bc7\u535a\u5ba2\u7b2c\u4e00\u7bc7\u535a\u5ba2\u7b2c\u4e00\u7bc7\u535a\u5ba2\u7b2c\u4e00\u7bc7\u535a\u5ba2\u7b2c\u4e00\u7bc7\u535a\u5ba2\u7b2c\u4e00\u7bc7\u535a\u5ba2\u7b2c\u4e00\u7bc7\u535a\u5ba2\u7b2c\u4e00\u7bc7\u535a\u5ba2\u7b2c\u4e00\u7bc7\u535a\u5ba2\u7b2c\u4e00\u7bc7\u535a\u5ba2", "author": 1, "create_time": "2020-04-30T01:53:35.767Z", "update_time": "2020-04-30T02:21:41.283Z", "is_deleted": false}}, {"model": "blog.blog", "pk": 2, "fields": {"title": "\u7b2c\u4e8c\u7bc7\u535a\u5ba2", "blog_type": 4, "content": "\u7b2c\u4e8c\u7bc7\u535a\u5ba2\u7b2c\u4e8c\u7bc7\u535a\u5ba2\u7b2c\u4e8c\u7bc7\u535a\u5ba2\u7b2c\u4e8c\u7bc7\u535a\u5ba2\u7b2c\u4e8c\u7bc7\u535a\u5ba2\u7b2c\u4e8c\u7bc7\u535a\u5ba2\u7b2c\u4e8c\u7bc7\u535a\u5ba2\u7b2c\u4e8c\u7bc7\u535a\u5ba2\u7b2c\u4e8c\u7bc7\u535a\u5ba2\u7b2c\u4e8c\u7bc7\u535a\u5ba2\u7b2c\u4e8c\u7bc7\u535a\u5ba2\u7b2c\u4e8c\u7bc7\u535a\u5ba2\u7b2c\u4e8c\u7bc7\u535a\u5ba2\u7b2c\u4e8c\u7bc7\u535a\u5ba2\u7b2c\u4e8c\u7bc7\u535a\u5ba2\u7b2c\u4e8c\u7bc7\u535a\u5ba2\u7b2c\u4e8c\u7bc7\u535a\u5ba2\u7b2c\u4e8c\u7bc7\u535a\u5ba2\u7b2c\u4e8c\u7bc7\u535a\u5ba2\u7b2c\u4e8c\u7bc7\u535a\u5ba2\u7b2c\u4e8c\u7bc7\u535a\u5ba2\u7b2c\u4e8c\u7bc7\u535a\u5ba2\u7b2c\u4e8c\u7bc7\u535a\u5ba2\u7b2c\u4e8c\u7bc7\u535a\u5ba2\u7b2c\u4e8c\u7bc7\u535a\u5ba2\u7b2c\u4e8c\u7bc7\u535a\u5ba2\u7b2c\u4e8c\u7bc7\u535a\u5ba2\u7b2c\u4e8c\u7bc7\u535a\u5ba2\u7b2c\u4e8c\u7bc7\u535a\u5ba2\u7b2c\u4e8c\u7bc7\u535a\u5ba2\u7b2c\u4e8c\u7bc7\u535a\u5ba2\u7b2c\u4e8c\u7bc7\u535a\u5ba2\u7b2c\u4e8c\u7bc7\u535a\u5ba2\u7b2c\u4e8c\u7bc7\u535a\u5ba2\u7b2c\u4e8c\u7bc7\u535a\u5ba2\u7b2c\u4e8c\u7bc7\u535a\u5ba2\u7b2c\u4e8c\u7bc7\u535a\u5ba2\u7b2c\u4e8c\u7bc7\u535a\u5ba2\u7b2c\u4e8c\u7bc7\u535a\u5ba2", "author": 1, "create_time": "2020-04-30T02:04:47Z", "update_time": "2020-04-30T02:21:49.313Z", "is_deleted": false}}, {"model": "blog.blog", "pk": 3, "fields": {"title": "\u7b2c\u4e09\u7bc7\u535a\u5ba2", "blog_type": 1, "content": "\u7b2c\u4e09\u7bc7\u535a\u5ba2\u7b2c\u4e09\u7bc7\u535a\u5ba2\u7b2c\u4e09\u7bc7\u535a\u5ba2\u7b2c\u4e09\u7bc7\u535a\u5ba2\u7b2c\u4e09\u7bc7\u535a\u5ba2\u7b2c\u4e09\u7bc7\u535a\u5ba2\u7b2c\u4e09\u7bc7\u535a\u5ba2\u7b2c\u4e09\u7bc7\u535a\u5ba2\u597d\u5c34\u5c2c\u8fc7\u8fc7\u8fc7\u8fc7\u8fc7", "author": 1, "create_time": "2020-04-30T02:16:30.648Z", "update_time": "2020-04-30T02:33:20.774Z", "is_deleted": false}}, {"model": "blog.blog", "pk": 4, "fields": {"title": "\u7b2c\u56db\u7bc7\u535a\u5ba2-\u957f\u5185\u5bb9", "blog_type": 2, "content": "\u7b2c\u56db\u7bc7\u535a\u5ba2-\u957f\u5185\u5bb9\u7b2c\u56db\u7bc7\u535a\u5ba2-\u957f\u5185\u5bb9\u7b2c\u56db\u7bc7\u535a\u5ba2-\u957f\u5185\u5bb9\u7b2c\u56db\u7bc7\u535a\u5ba2-\u957f\u5185\u5bb9\u7b2c\u56db\u7bc7\u535a\u5ba2-\u957f\u5185\u5bb9\u7b2c\u56db\u7bc7\u535a\u5ba2-\u957f\u5185\u5bb9\u7b2c\u56db\u7bc7\u535a\u5ba2-\u957f\u5185\u5bb9\u7b2c\u56db\u7bc7\u535a\u5ba2-\u957f\u5185\u5bb9\u7b2c\u56db\u7bc7\u535a\u5ba2-\u957f\u5185\u5bb9\u7b2c\u56db\u7bc7\u535a\u5ba2-\u957f\u5185\u5bb9\u7b2c\u56db\u7bc7\u535a\u5ba2-\u957f\u5185\u5bb9\u7b2c\u56db\u7bc7\u535a\u5ba2-\u957f\u5185\u5bb9\u7b2c\u56db\u7bc7\u535a\u5ba2-\u957f\u5185\u5bb9\u7b2c\u56db\u7bc7\u535a\u5ba2-\u957f\u5185\u5bb9\u7b2c\u56db\u7bc7\u535a\u5ba2-\u957f\u5185\u5bb9\u7b2c\u56db\u7bc7\u535a\u5ba2-\u957f\u5185\u5bb9\u7b2c\u56db\u7bc7\u535a\u5ba2-\u957f\u5185\u5bb9\u7b2c\u56db\u7bc7\u535a\u5ba2-\u957f\u5185\u5bb9\u7b2c\u56db\u7bc7\u535a\u5ba2-\u957f\u5185\u5bb9\u7b2c\u56db\u7bc7\u535a\u5ba2-\u957f\u5185\u5bb9\u7b2c\u56db\u7bc7\u535a\u5ba2-\u957f\u5185\u5bb9\u7b2c\u56db\u7bc7\u535a\u5ba2-\u957f\u5185\u5bb9\u7b2c\u56db\u7bc7\u535a\u5ba2-\u957f\u5185\u5bb9\u7b2c\u56db\u7bc7\u535a\u5ba2-\u957f\u5185\u5bb9\u7b2c\u56db\u7bc7\u535a\u5ba2-\u957f\u5185\u5bb9\u7b2c\u56db\u7bc7\u535a\u5ba2-\u957f\u5185\u5bb9\u7b2c\u56db\u7bc7\u535a\u5ba2-\u957f\u5185\u5bb9\u7b2c\u56db\u7bc7\u535a\u5ba2-\u957f\u5185\u5bb9\u7b2c\u56db\u7bc7\u535a\u5ba2-\u957f\u5185\u5bb9\u7b2c\u56db\u7bc7\u535a\u5ba2-\u957f\u5185\u5bb9\u7b2c\u56db\u7bc7\u535a\u5ba2-\u957f\u5185\u5bb9\u7b2c\u56db\u7bc7\u535a\u5ba2-\u957f\u5185\u5bb9\u7b2c\u56db\u7bc7\u535a\u5ba2-\u957f\u5185\u5bb9\u7b2c\u56db\u7bc7\u535a\u5ba2-\u957f\u5185\u5bb9\u7b2c\u56db\u7bc7\u535a\u5ba2-\u957f\u5185\u5bb9\u7b2c\u56db\u7bc7\u535a\u5ba2-\u957f\u5185\u5bb9\u7b2c\u56db\u7bc7\u535a\u5ba2-\u957f\u5185\u5bb9\u7b2c\u56db\u7bc7\u535a\u5ba2-\u957f\u5185\u5bb9\u7b2c\u56db\u7bc7\u535a\u5ba2-\u957f\u5185\u5bb9\u7b2c\u56db\u7bc7\u535a\u5ba2-\u957f\u5185\u5bb9\u7b2c\u56db\u7bc7\u535a\u5ba2-\u957f\u5185\u5bb9\u7b2c\u56db\u7bc7\u535a\u5ba2-\u957f\u5185\u5bb9\u7b2c\u56db\u7bc7\u535a\u5ba2-\u957f\u5185\u5bb9\u7b2c\u56db\u7bc7\u535a\u5ba2-\u957f\u5185\u5bb9\u7b2c\u56db\u7bc7\u535a\u5ba2-\u957f\u5185\u5bb9\u7b2c\u56db\u7bc7\u535a\u5ba2-\u957f\u5185\u5bb9\u7b2c\u56db\u7bc7\u535a\u5ba2-\u957f\u5185\u5bb9\u7b2c\u56db\u7bc7\u535a\u5ba2-\u957f\u5185\u5bb9\u7b2c\u56db\u7bc7\u535a\u5ba2-\u957f\u5185\u5bb9\u7b2c\u56db\u7bc7\u535a\u5ba2-\u957f\u5185\u5bb9\u7b2c\u56db\u7bc7\u535a\u5ba2-\u957f\u5185\u5bb9\u7b2c\u56db\u7bc7\u535a\u5ba2-\u957f\u5185\u5bb9\u7b2c\u56db\u7bc7\u535a\u5ba2-\u957f\u5185\u5bb9\u7b2c\u56db\u7bc7\u535a\u5ba2-\u957f\u5185\u5bb9\u7b2c\u56db\u7bc7\u535a\u5ba2-\u957f\u5185\u5bb9\u7b2c\u56db\u7bc7\u535a\u5ba2-\u957f\u5185\u5bb9\u7b2c\u56db\u7bc7\u535a\u5ba2-\u957f\u5185\u5bb9\u7b2c\u56db\u7bc7\u535a\u5ba2-\u957f\u5185\u5bb9\u7b2c\u56db\u7bc7\u535a\u5ba2-\u957f\u5185\u5bb9\u7b2c\u56db\u7bc7\u535a\u5ba2-\u957f\u5185\u5bb9\u7b2c\u56db\u7bc7\u535a\u5ba2-\u957f\u5185\u5bb9\u7b2c\u56db\u7bc7\u535a\u5ba2-\u957f\u5185\u5bb9\u7b2c\u56db\u7bc7\u535a\u5ba2-\u957f\u5185\u5bb9\u7b2c\u56db\u7bc7\u535a\u5ba2-\u957f\u5185\u5bb9\u7b2c\u56db\u7bc7\u535a\u5ba2-\u957f\u5185\u5bb9\u7b2c\u56db\u7bc7\u535a\u5ba2-\u957f\u5185\u5bb91111", "author": 1, "create_time": "2020-04-30T02:27:03.443Z", "update_time": "2020-04-30T02:32:00.041Z", "is_deleted": false}}, {"model": "blog.blog", "pk": 5, "fields": {"title": "\u7b2c\u4e94\u7bc7\u535a\u5ba2", "blog_type": 1, "content": "\u7b2c\u4e94\u7bc7\u535a\u5ba2\u7b2c\u4e94\u7bc7\u535a\u5ba2\u7b2c\u4e94\u7bc7\u535a\u5ba2\u7b2c\u4e94\u7bc7\u535a\u5ba2\u7b2c\u4e94\u7bc7\u535a\u5ba2\u7b2c\u4e94\u7bc7\u535a\u5ba2\u7b2c\u4e94\u7bc7\u535a\u5ba2\u7b2c\u4e94\u7bc7\u535a\u5ba2\u7b2c\u4e94\u7bc7\u535a\u5ba2\u7b2c\u4e94\u7bc7\u535a\u5ba2\u7b2c\u4e94\u7bc7\u535a\u5ba2\u7b2c\u4e94\u7bc7\u535a\u5ba2\u7b2c\u4e94\u7bc7\u535a\u5ba2\u7b2c\u4e94\u7bc7\u535a\u5ba2\u7b2c\u4e94\u7bc7\u535a\u5ba2\u7b2c\u4e94\u7bc7\u535a\u5ba2\u7b2c\u4e94\u7bc7\u535a\u5ba2\u7b2c\u4e94\u7bc7\u535a\u5ba2\u7b2c\u4e94\u7bc7\u535a\u5ba2\u7b2c\u4e94\u7bc7\u535a\u5ba2\u7b2c\u4e94\u7bc7\u535a\u5ba2\u7b2c\u4e94\u7bc7\u535a\u5ba2\u7b2c\u4e94\u7bc7\u535a\u5ba2\u7b2c\u4e94\u7bc7\u535a\u5ba2\u7b2c\u4e94\u7bc7\u535a\u5ba2\u7b2c\u4e94\u7bc7\u535a\u5ba2\u7b2c\u4e94\u7bc7\u535a\u5ba2\u7b2c\u4e94\u7bc7\u535a\u5ba2\u7b2c\u4e94\u7bc7\u535a\u5ba2\u7b2c\u4e94\u7bc7\u535a\u5ba2\u7b2c\u4e94\u7bc7\u535a\u5ba2\u7b2c\u4e94\u7bc7\u535a\u5ba2\u7b2c\u4e94\u7bc7\u535a\u5ba2\u7b2c\u4e94\u7bc7\u535a\u5ba2\u7b2c\u4e94\u7bc7\u535a\u5ba2\u7b2c\u4e94\u7bc7\u535a\u5ba2\u7b2c\u4e94\u7bc7\u535a\u5ba2\u7b2c\u4e94\u7bc7\u535a\u5ba2\u7b2c\u4e94\u7bc7\u535a\u5ba2\u7b2c\u4e94\u7bc7\u535a\u5ba2\u7b2c\u4e94\u7bc7\u535a\u5ba2\u7b2c\u4e94\u7bc7\u535a\u5ba2\u7b2c\u4e94\u7bc7\u535a\u5ba2\u7b2c\u4e94\u7bc7\u535a\u5ba2\u7b2c\u4e94\u7bc7\u535a\u5ba2\u7b2c\u4e94\u7bc7\u535a\u5ba2\u7b2c\u4e94\u7bc7\u535a\u5ba2\u7b2c\u4e94\u7bc7\u535a\u5ba2\u7b2c\u4e94\u7bc7\u535a\u5ba2\u7b2c\u4e94\u7bc7\u535a\u5ba2\u7b2c\u4e94\u7bc7\u535a\u5ba2\u7b2c\u4e94\u7bc7\u535a\u5ba2\u7b2c\u4e94\u7bc7\u535a\u5ba2\u7b2c\u4e94\u7bc7\u535a\u5ba2\u7b2c\u4e94\u7bc7\u535a\u5ba2", "author": 1, "create_time": "2020-04-30T02:56:16.787Z", "update_time": "2020-04-30T02:56:16.787Z", "is_deleted": false}}, {"model": "blog.blog", "pk": 6, "fields": {"title": "for 0", "blog_type": 4, "content": "xxxxxxx 0", "author": 1, "create_time": "2020-05-06T09:23:06.978Z", "update_time": "2020-05-06T09:23:06.978Z", "is_deleted": false}}, {"model": "blog.blog", "pk": 7, "fields": {"title": "for 1", "blog_type": 4, "content": "xxxxxxx 1", "author": 1, "create_time": "2020-05-06T09:23:06.983Z", "update_time": "2020-05-06T09:23:06.983Z", "is_deleted": false}}, {"model": "blog.blog", "pk": 8, "fields": {"title": "for 2", "blog_type": 4, "content": "xxxxxxx 2", "author": 1, "create_time": "2020-05-06T09:23:06.986Z", "update_time": "2020-05-06T09:23:06.986Z", "is_deleted": false}}, {"model": "blog.blog", "pk": 9, "fields": {"title": "for 3", "blog_type": 4, "content": "xxxxxxx 3", "author": 1, "create_time": "2020-05-06T09:23:06.989Z", "update_time": "2020-05-06T09:23:06.989Z", "is_deleted": false}}, {"model": "blog.blog", "pk": 10, "fields": {"title": "for 4", "blog_type": 4, "content": "xxxxxxx 4", "author": 1, "create_time": "2020-05-06T09:23:06.993Z", "update_time": "2020-05-06T09:23:06.993Z", "is_deleted": false}}, {"model": "blog.blog", "pk": 11, "fields": {"title": "for 5", "blog_type": 4, "content": "xxxxxxx 5", "author": 1, "create_time": "2020-05-06T09:23:06.996Z", "update_time": "2020-05-06T09:23:06.996Z", "is_deleted": false}}, {"model": "blog.blog", "pk": 12, "fields": {"title": "for 6", "blog_type": 4, "content": "xxxxxxx 6", "author": 1, "create_time": "2020-05-06T09:23:06.999Z", "update_time": "2020-05-06T09:23:06.999Z", "is_deleted": false}}, {"model": "blog.blog", "pk": 13, "fields": {"title": "for 7", "blog_type": 4, "content": "xxxxxxx 7", "author": 1, "create_time": "2020-05-06T09:23:07.002Z", "update_time": "2020-05-06T09:23:07.002Z", "is_deleted": false}}, {"model": "blog.blog", "pk": 14, "fields": {"title": "for 8", "blog_type": 4, "content": "xxxxxxx 8", "author": 1, "create_time": "2020-05-06T09:23:07.006Z", "update_time": "2020-05-06T09:23:07.006Z", "is_deleted": false}}, {"model": "blog.blog", "pk": 15, "fields": {"title": "for 9", "blog_type": 4, "content": "xxxxxxx 9", "author": 1, "create_time": "2020-05-06T09:23:07.009Z", "update_time": "2020-05-06T09:23:07.009Z", "is_deleted": false}}, {"model": "blog.blog", "pk": 16, "fields": {"title": "for 10", "blog_type": 4, "content": "xxxxxxx 10", "author": 1, "create_time": "2020-05-06T09:23:07.013Z", "update_time": "2020-05-06T09:23:07.013Z", "is_deleted": false}}, {"model": "blog.blog", "pk": 17, "fields": {"title": "for 11", "blog_type": 4, "content": "xxxxxxx 11", "author": 1, "create_time": "2020-05-06T09:23:07.016Z", "update_time": "2020-05-06T09:23:07.016Z", "is_deleted": false}}, {"model": "blog.blog", "pk": 18, "fields": {"title": "for 12", "blog_type": 4, "content": "xxxxxxx 12", "author": 1, "create_time": "2020-05-06T09:23:07.019Z", "update_time": "2020-05-06T09:23:07.019Z", "is_deleted": false}}, {"model": "blog.blog", "pk": 19, "fields": {"title": "for 13", "blog_type": 4, "content": "xxxxxxx 13", "author": 1, "create_time": "2020-05-06T09:23:07.022Z", "update_time": "2020-05-06T09:23:07.022Z", "is_deleted": false}}, {"model": "blog.blog", "pk": 20, "fields": {"title": "for 14", "blog_type": 4, "content": "xxxxxxx 14", "author": 1, "create_time": "2020-05-06T09:23:07.025Z", "update_time": "2020-05-06T09:23:07.025Z", "is_deleted": false}}, {"model": "blog.blog", "pk": 21, "fields": {"title": "for 15", "blog_type": 4, "content": "xxxxxxx 15", "author": 1, "create_time": "2020-05-06T09:23:07.028Z", "update_time": "2020-05-06T09:23:07.028Z", "is_deleted": false}}, {"model": "blog.blog", "pk": 22, "fields": {"title": "for 16", "blog_type": 4, "content": "xxxxxxx 16", "author": 1, "create_time": "2020-05-06T09:23:07.031Z", "update_time": "2020-05-06T09:23:07.031Z", "is_deleted": false}}, {"model": "blog.blog", "pk": 23, "fields": {"title": "for 17", "blog_type": 4, "content": "xxxxxxx 17", "author": 1, "create_time": "2020-05-06T09:23:07.034Z", "update_time": "2020-05-06T09:23:07.034Z", "is_deleted": false}}, {"model": "blog.blog", "pk": 24, "fields": {"title": "for 18", "blog_type": 4, "content": "xxxxxxx 18", "author": 1, "create_time": "2020-05-06T09:23:07.037Z", "update_time": "2020-05-06T09:23:07.037Z", "is_deleted": false}}, {"model": "blog.blog", "pk": 25, "fields": {"title": "for 19", "blog_type": 4, "content": "xxxxxxx 19", "author": 1, "create_time": "2020-05-06T09:23:07.040Z", "update_time": "2020-05-06T09:23:07.040Z", "is_deleted": false}}, {"model": "blog.blog", "pk": 26, "fields": {"title": "for 20", "blog_type": 4, "content": "xxxxxxx 20", "author": 1, "create_time": "2020-05-06T09:23:07.042Z", "update_time": "2020-05-06T09:23:07.042Z", "is_deleted": false}}, {"model": "blog.blog", "pk": 27, "fields": {"title": "for 21", "blog_type": 4, "content": "xxxxxxx 21", "author": 1, "create_time": "2020-05-06T09:23:07.045Z", "update_time": "2020-05-06T09:23:07.045Z", "is_deleted": false}}, {"model": "blog.blog", "pk": 28, "fields": {"title": "for 22", "blog_type": 4, "content": "xxxxxxx 22", "author": 1, "create_time": "2020-05-06T09:23:07.047Z", "update_time": "2020-05-06T09:23:07.047Z", "is_deleted": false}}, {"model": "blog.blog", "pk": 29, "fields": {"title": "for 23", "blog_type": 4, "content": "xxxxxxx 23", "author": 1, "create_time": "2020-05-06T09:23:07.049Z", "update_time": "2020-05-06T09:23:07.049Z", "is_deleted": false}}, {"model": "blog.blog", "pk": 30, "fields": {"title": "for 24", "blog_type": 4, "content": "xxxxxxx 24", "author": 1, "create_time": "2020-05-06T09:23:07.050Z", "update_time": "2020-05-06T09:23:07.050Z", "is_deleted": false}}, {"model": "blog.blog", "pk": 31, "fields": {"title": "for 25", "blog_type": 4, "content": "xxxxxxx 25", "author": 1, "create_time": "2020-05-06T09:23:07.052Z", "update_time": "2020-05-06T09:23:07.052Z", "is_deleted": false}}, {"model": "blog.blog", "pk": 32, "fields": {"title": "for 26", "blog_type": 4, "content": "xxxxxxx 26", "author": 1, "create_time": "2020-05-06T09:23:07.053Z", "update_time": "2020-05-06T09:23:07.053Z", "is_deleted": false}}, {"model": "blog.blog", "pk": 33, "fields": {"title": "for 27", "blog_type": 4, "content": "xxxxxxx 27", "author": 1, "create_time": "2020-05-06T09:23:07.055Z", "update_time": "2020-05-06T09:23:07.055Z", "is_deleted": false}}, {"model": "blog.blog", "pk": 34, "fields": {"title": "for 28", "blog_type": 4, "content": "xxxxxxx 28", "author": 1, "create_time": "2020-05-06T09:23:07.057Z", "update_time": "2020-05-06T09:23:07.057Z", "is_deleted": false}}, {"model": "blog.blog", "pk": 35, "fields": {"title": "for 29", "blog_type": 4, "content": "xxxxxxx 29", "author": 1, "create_time": "2020-05-06T09:23:07.058Z", "update_time": "2020-05-06T09:23:07.058Z", "is_deleted": false}}, {"model": "comment.comment", "pk": 1, "fields": {"content_type": 7, "object_id": 35, "text": "asdfasdf", "comment_time": "2020-05-06T17:03:37.245Z", "user": 1, "root": null, "parent": null, "reply_to": null}}, {"model": "comment.comment", "pk": 2, "fields": {"content_type": 7, "object_id": 35, "text": "sfdadf", "comment_time": "2020-05-06T17:10:23.406Z", "user": 1, "root": null, "parent": null, "reply_to": null}}, {"model": "comment.comment", "pk": 3, "fields": {"content_type": 7, "object_id": 35, "text": "sdfgw4radf", "comment_time": "2020-05-06T17:10:26.118Z", "user": 1, "root": null, "parent": null, "reply_to": null}}, {"model": "comment.comment", "pk": 4, "fields": {"content_type": 7, "object_id": 35, "text": "sfdg4qeradsf", "comment_time": "2020-05-06T17:10:28.921Z", "user": 1, "root": null, "parent": null, "reply_to": null}}, {"model": "comment.comment", "pk": 5, "fields": {"content_type": 7, "object_id": 35, "text": "1234", "comment_time": "2020-05-06T17:17:00.591Z", "user": 1, "root": null, "parent": null, "reply_to": null}}, {"model": "comment.comment", "pk": 6, "fields": {"content_type": 7, "object_id": 35, "text": "adsfadsf", "comment_time": "2020-05-07T12:22:42.620Z", "user": 1, "root": null, "parent": null, "reply_to": null}}, {"model": "comment.comment", "pk": 7, "fields": {"content_type": 7, "object_id": 35, "text": "asdfasdfewafd", "comment_time": "2020-05-07T12:22:59.447Z", "user": 2, "root": null, "parent": null, "reply_to": null}}, {"model": "comment.comment", "pk": 8, "fields": {"content_type": 7, "object_id": 35, "text": "adfdrqewrasdfadsf", "comment_time": "2020-05-07T12:23:05.682Z", "user": 2, "root": null, "parent": null, "reply_to": null}}, {"model": "comment.comment", "pk": 9, "fields": {"content_type": 7, "object_id": 35, "text": "sadfsdf", "comment_time": "2020-05-07T12:41:57.152Z", "user": 1, "root": null, "parent": null, "reply_to": null}}, {"model": "comment.comment", "pk": 10, "fields": {"content_type": 7, "object_id": 35, "text": "fdga4eqae", "comment_time": "2020-05-07T13:01:58.163Z", "user": 1, "root": null, "parent": null, "reply_to": null}}, {"model": "comment.comment", "pk": 11, "fields": {"content_type": 7, "object_id": 35, "text": "<p><img alt=\"\" src=\"/media/upload/2020/05/04/bjtp1111.jpg\" style=\"height:80px; width:120px\" /></p>", "comment_time": "2020-05-07T14:11:23.784Z", "user": 1, "root": null, "parent": null, "reply_to": null}}, {"model": "comment.comment", "pk": 12, "fields": {"content_type": 7, "object_id": 35, "text": "<p><a href=\"/media/upload/2020/05/07/_20200114224016.jpg\">/media/upload/2020/05/07/_20200114224016.jpg</a></p>", "comment_time": "2020-05-07T14:23:37.614Z", "user": 1, "root": null, "parent": null, "reply_to": null}}, {"model": "comment.comment", "pk": 13, "fields": {"content_type": 7, "object_id": 35, "text": "<p><img alt=\"sad\" height=\"23\" src=\"http://127.0.0.1:8000/static/ckeditor/ckeditor/plugins/smiley/images/sad_smile.png\" title=\"sad\" width=\"23\" /></p>", "comment_time": "2020-05-07T14:26:58.824Z", "user": 1, "root": null, "parent": null, "reply_to": null}}, {"model": "comment.comment", "pk": 14, "fields": {"content_type": 7, "object_id": 35, "text": "<p>asdfffffffffffffffffffffffffffffffffffa\u963f\u517d\u4eba\u6cd5\u7b2c\u4e09\u65b9\u963f\u65af\u8482\u82ac\u963f\u8428\u5fb7\u6697\u5ba4\u9022\u706f\u6309\u7701\u517d\u4eba\u6cd5\u7b2c\u4e09\u65b9\u963f\u65af\u8482\u82ac\u963f\u8428\u5fb7\u6697\u5ba4\u9022\u706f\u6309\u7701\u517d\u4eba\u6cd5\u7b2c\u4e09\u65b9\u963f\u65af\u8482\u82ac\u963f\u8428\u5fb7\u6697\u5ba4\u9022\u706f\u6309\u7701\u517d\u4eba\u6cd5\u7b2c\u4e09\u65b9\u963f\u65af\u8482\u82ac\u963f\u8428\u5fb7\u6697\u5ba4\u9022\u706f\u6309\u7701\u517d\u4eba\u6cd5\u7b2c\u4e09\u65b9\u963f\u65af\u8482\u82ac\u963f\u8428\u5fb7\u6697\u5ba4\u9022\u706f\u6309\u7701\u517d\u4eba\u6cd5\u7b2c\u4e09\u65b9\u963f\u65af\u8482\u82ac\u963f\u8428\u5fb7\u6697\u5ba4\u9022\u706f\u6309\u7701\u517d\u4eba\u6cd5\u7b2c\u4e09\u65b9\u963f\u65af\u8482\u82ac\u963f\u8428\u5fb7\u6697\u5ba4\u9022\u706f\u6309\u7701\u517d\u4eba\u6cd5\u7b2c\u4e09\u65b9\u963f\u65af\u8482\u82ac\u963f\u8428\u5fb7\u6697\u5ba4\u9022\u706f\u6309\u7701\u517d\u4eba\u6cd5\u7b2c\u4e09\u65b9\u963f\u65af\u8482\u82ac\u963f\u8428\u5fb7\u6697\u5ba4\u9022\u706f\u6309\u7701\u517d\u4eba\u6cd5\u7b2c\u4e09\u65b9\u963f\u65af\u8482\u82ac\u963f\u8428\u5fb7\u6697\u5ba4\u9022\u706f\u6309\u7701\u517d\u4eba\u6cd5\u7b2c\u4e09\u65b9\u963f\u65af\u8482\u82ac\u963f\u8428\u5fb7\u6697\u5ba4\u9022\u706f\u6309\u7701\u517d\u4eba\u6cd5\u7b2c\u4e09\u65b9\u963f\u65af\u8482\u82ac\u963f\u8428\u5fb7\u6697\u5ba4\u9022\u706f\u6309\u7701\u517d\u4eba\u6cd5\u7b2c\u4e09\u65b9\u963f\u65af\u8482\u82ac\u963f\u8428\u5fb7\u6697\u5ba4\u9022\u706f\u6309\u7701\u517d\u4eba\u6cd5\u7b2c\u4e09\u65b9\u963f\u65af\u8482\u82ac\u963f\u8428\u5fb7\u6697\u5ba4\u9022\u706f\u6309\u7701\u517d\u4eba\u6cd5\u7b2c\u4e09\u65b9\u963f\u65af\u8482\u82ac\u963f\u8428\u5fb7\u6697\u5ba4\u9022\u706f\u6309\u7701\u517d\u4eba\u6cd5\u7b2c\u4e09\u65b9\u963f\u65af\u8482\u82ac\u963f\u8428\u5fb7\u6697\u5ba4\u9022\u706f\u6309\u7701\u517d\u4eba\u6cd5\u7b2c\u4e09\u65b9\u963f\u65af\u8482\u82ac\u963f\u8428\u5fb7\u6697\u5ba4\u9022\u706f\u6309\u7701\u517d\u4eba\u6cd5\u7b2c\u4e09\u65b9\u963f\u65af\u8482\u82ac\u963f\u8428\u5fb7\u6697\u5ba4\u9022\u706f\u6309\u7701\u517d\u4eba\u6cd5\u7b2c\u4e09\u65b9\u963f\u65af\u8482\u82ac\u963f\u8428\u5fb7\u6697\u5ba4\u9022\u706f\u6309\u7701\u517d\u4eba\u6cd5\u7b2c\u4e09\u65b9\u963f\u65af\u8482\u82ac\u963f\u8428\u5fb7\u6697\u5ba4\u9022\u706f\u6309\u7701\u517d\u4eba\u6cd5\u7b2c\u4e09\u65b9\u963f\u65af\u8482\u82ac\u963f\u8428\u5fb7\u6697\u5ba4\u9022\u706f\u6309\u7701\u517d\u4eba\u6cd5\u7b2c\u4e09\u65b9\u963f\u65af\u8482\u82ac\u963f\u8428\u5fb7\u6697\u5ba4\u9022\u706f\u6309\u7701\u517d\u4eba\u6cd5\u7b2c\u4e09\u65b9\u963f\u65af\u8482\u82ac\u963f\u8428\u5fb7\u6697\u5ba4\u9022\u706f\u6309\u7701\u517d\u4eba\u6cd5\u7b2c\u4e09\u65b9\u963f\u65af\u8482\u82ac\u963f\u8428\u5fb7\u6697\u5ba4\u9022\u706f\u6309\u7701\u517d\u4eba\u6cd5\u7b2c\u4e09\u65b9\u963f\u65af\u8482\u82ac\u963f\u8428\u5fb7\u6697\u5ba4\u9022\u706f\u6309\u7701\u517d\u4eba\u6cd5\u7b2c\u4e09\u65b9\u963f\u65af\u8482\u82ac\u963f\u8428\u5fb7\u6697\u5ba4\u9022\u706f\u6309\u7701</p>", "comment_time": "2020-05-07T14:27:30.041Z", "user": 1, "root": null, "parent": null, "reply_to": null}}, {"model": "comment.comment", "pk": 15, "fields": {"content_type": 7, "object_id": 35, "text": "<p>dsafasdf</p>", "comment_time": "2020-05-07T14:38:48.675Z", "user": 1, "root": null, "parent": null, "reply_to": null}}, {"model": "comment.comment", "pk": 16, "fields": {"content_type": 7, "object_id": 35, "text": "<p>ffff</p>", "comment_time": "2020-05-07T14:40:52.474Z", "user": 1, "root": null, "parent": null, "reply_to": null}}, {"model": "comment.comment", "pk": 17, "fields": {"content_type": 7, "object_id": 35, "text": "<p>sfdgsfdgsgf</p>", "comment_time": "2020-05-07T14:51:42.252Z", "user": 1, "root": null, "parent": null, "reply_to": null}}, {"model": "comment.comment", "pk": 18, "fields": {"content_type": 7, "object_id": 35, "text": "<p>sfdgsfdgsgf</p>", "comment_time": "2020-05-07T14:51:43.418Z", "user": 1, "root": null, "parent": null, "reply_to": null}}, {"model": "comment.comment", "pk": 19, "fields": {"content_type": 7, "object_id": 35, "text": "<p>sdfgsfdgs34523452345</p>", "comment_time": "2020-05-07T14:54:44.427Z", "user": 1, "root": null, "parent": null, "reply_to": null}}, {"model": "comment.comment", "pk": 20, "fields": {"content_type": 7, "object_id": 35, "text": "<p>asdfasdf234234</p>", "comment_time": "2020-05-07T15:26:33.471Z", "user": 1, "root": null, "parent": null, "reply_to": null}}, {"model": "comment.comment", "pk": 21, "fields": {"content_type": 7, "object_id": 35, "text": "<p>asdfasd645135</p>", "comment_time": "2020-05-07T15:34:46.050Z", "user": 1, "root": 20, "parent": 20, "reply_to": 2}}, {"model": "comment.comment", "pk": 22, "fields": {"content_type": 7, "object_id": 35, "text": "<p>adfawerasdf</p>", "comment_time": "2020-05-07T15:35:08.810Z", "user": 2, "root": 20, "parent": 21, "reply_to": 1}}, {"model": "comment.comment", "pk": 23, "fields": {"content_type": 7, "object_id": 35, "text": "<p>fghd65895</p>", "comment_time": "2020-05-07T15:38:44.815Z", "user": 1, "root": 20, "parent": 22, "reply_to": 2}}, {"model": "comment.comment", "pk": 24, "fields": {"content_type": 7, "object_id": 35, "text": "<p><img alt=\"wink\" height=\"23\" src=\"http://127.0.0.1:8000/static/ckeditor/ckeditor/plugins/smiley/images/wink_smile.png\" title=\"wink\" width=\"23\" /></p>", "comment_time": "2020-05-07T16:06:23.699Z", "user": 2, "root": 20, "parent": 23, "reply_to": 1}}, {"model": "comment.comment", "pk": 25, "fields": {"content_type": 7, "object_id": 35, "text": "<p>12312321</p>", "comment_time": "2020-05-07T17:23:49.260Z", "user": 1, "root": 20, "parent": 24, "reply_to": 2}}, {"model": "comment.comment", "pk": 26, "fields": {"content_type": 7, "object_id": 35, "text": "<p>1234</p>", "comment_time": "2020-05-07T17:24:12.018Z", "user": 1, "root": null, "parent": null, "reply_to": null}}, {"model": "comment.comment", "pk": 27, "fields": {"content_type": 7, "object_id": 35, "text": "<p>4321</p>", "comment_time": "2020-05-07T17:24:23.594Z", "user": 1, "root": 26, "parent": 26, "reply_to": 1}}, {"model": "comment.comment", "pk": 28, "fields": {"content_type": 7, "object_id": 35, "text": "<p>2342343</p>", "comment_time": "2020-05-07T17:24:40.742Z", "user": 1, "root": 26, "parent": 27, "reply_to": 1}}, {"model": "comment.comment", "pk": 29, "fields": {"content_type": 7, "object_id": 35, "text": "<p>123sdf3</p>", "comment_time": "2020-05-08T11:31:08.470Z", "user": 1, "root": 26, "parent": 27, "reply_to": 1}}, {"model": "comment.comment", "pk": 30, "fields": {"content_type": 7, "object_id": 35, "text": "<p>zdxfvas2342341243</p>", "comment_time": "2020-05-08T11:31:33.135Z", "user": 1, "root": 26, "parent": 29, "reply_to": 1}}, {"model": "comment.comment", "pk": 31, "fields": {"content_type": 7, "object_id": 35, "text": "<p>asdf234234</p>", "comment_time": "2020-05-08T11:32:39.313Z", "user": 1, "root": 26, "parent": 27, "reply_to": 1}}, {"model": "comment.comment", "pk": 32, "fields": {"content_type": 7, "object_id": 35, "text": "<p><img alt=\"kiss\" height=\"23\" src=\"http://127.0.0.1:8000/static/ckeditor/ckeditor/plugins/smiley/images/kiss.png\" title=\"kiss\" width=\"23\" /></p>", "comment_time": "2020-05-08T11:33:00.780Z", "user": 1, "root": 26, "parent": 30, "reply_to": 1}}, {"model": "comment.comment", "pk": 33, "fields": {"content_type": 7, "object_id": 34, "text": "<p>111111111</p>", "comment_time": "2020-05-08T12:23:24.108Z", "user": 2, "root": null, "parent": null, "reply_to": null}}, {"model": "comment.comment", "pk": 34, "fields": {"content_type": 7, "object_id": 34, "text": "<p>22222</p>", "comment_time": "2020-05-08T12:23:37.665Z", "user": 2, "root": 33, "parent": 33, "reply_to": 2}}, {"model": "comment.comment", "pk": 35, "fields": {"content_type": 7, "object_id": 34, "text": "<p>333333</p>", "comment_time": "2020-05-08T12:23:43.477Z", "user": 2, "root": null, "parent": null, "reply_to": null}}, {"model": "comment.comment", "pk": 36, "fields": {"content_type": 7, "object_id": 34, "text": "<p>44444</p>", "comment_time": "2020-05-08T12:24:51.285Z", "user": 2, "root": null, "parent": null, "reply_to": null}}, {"model": "comment.comment", "pk": 37, "fields": {"content_type": 7, "object_id": 34, "text": "<p>55555</p>", "comment_time": "2020-05-08T12:25:32.167Z", "user": 2, "root": null, "parent": null, "reply_to": null}}, {"model": "comment.comment", "pk": 38, "fields": {"content_type": 7, "object_id": 34, "text": "<p>66666</p>", "comment_time": "2020-05-08T12:32:00.686Z", "user": 1, "root": 37, "parent": 37, "reply_to": 2}}, {"model": "comment.comment", "pk": 39, "fields": {"content_type": 7, "object_id": 34, "text": "<p>777777</p>", "comment_time": "2020-05-08T12:36:03.122Z", "user": 1, "root": null, "parent": null, "reply_to": null}}, {"model": "comment.comment", "pk": 40, "fields": {"content_type": 7, "object_id": 34, "text": "<p>888888</p>", "comment_time": "2020-05-08T12:37:19.398Z", "user": 1, "root": null, "parent": null, "reply_to": null}}, {"model": "comment.comment", "pk": 41, "fields": {"content_type": 7, "object_id": 34, "text": "<p>999999</p>", "comment_time": "2020-05-08T12:44:49.120Z", "user": 1, "root": null, "parent": null, "reply_to": null}}, {"model": "comment.comment", "pk": 42, "fields": {"content_type": 7, "object_id": 34, "text": "<p>10101010</p>", "comment_time": "2020-05-08T12:46:44.149Z", "user": 1, "root": null, "parent": null, "reply_to": null}}, {"model": "comment.comment", "pk": 43, "fields": {"content_type": 7, "object_id": 34, "text": "<p>asdfasdf</p>", "comment_time": "2020-05-08T12:49:00.822Z", "user": 1, "root": null, "parent": null, "reply_to": null}}, {"model": "comment.comment", "pk": 44, "fields": {"content_type": 7, "object_id": 34, "text": "<p>123123</p>", "comment_time": "2020-05-08T12:51:22.713Z", "user": 1, "root": 43, "parent": 43, "reply_to": 1}}, {"model": "comment.comment", "pk": 45, "fields": {"content_type": 7, "object_id": 33, "text": "<p>11111</p>", "comment_time": "2020-05-08T12:51:43.253Z", "user": 1, "root": null, "parent": null, "reply_to": null}}, {"model": "comment.comment", "pk": 46, "fields": {"content_type": 7, "object_id": 33, "text": "<p>2222</p>", "comment_time": "2020-05-08T12:53:29.921Z", "user": 1, "root": null, "parent": null, "reply_to": null}}, {"model": "comment.comment", "pk": 47, "fields": {"content_type": 7, "object_id": 33, "text": "<p>3333</p>", "comment_time": "2020-05-08T12:57:12.547Z", "user": 1, "root": null, "parent": null, "reply_to": null}}, {"model": "comment.comment", "pk": 48, "fields": {"content_type": 7, "object_id": 33, "text": "<p>4444</p>", "comment_time": "2020-05-08T12:57:16.861Z", "user": 1, "root": 47, "parent": 47, "reply_to": 1}}, {"model": "comment.comment", "pk": 49, "fields": {"content_type": 7, "object_id": 33, "text": "<p>444444</p>", "comment_time": "2020-05-08T12:57:24.096Z", "user": 1, "root": 47, "parent": 47, "reply_to": 1}}, {"model": "comment.comment", "pk": 50, "fields": {"content_type": 7, "object_id": 33, "text": "<p>555555</p>", "comment_time": "2020-05-08T12:58:05.546Z", "user": 1, "root": 47, "parent": 48, "reply_to": 1}}, {"model": "comment.comment", "pk": 51, "fields": {"content_type": 7, "object_id": 33, "text": "<p>66666</p>", "comment_time": "2020-05-08T12:58:10.268Z", "user": 1, "root": 46, "parent": 46, "reply_to": 1}}, {"model": "comment.comment", "pk": 52, "fields": {"content_type": 7, "object_id": 33, "text": "<p>77777</p>", "comment_time": "2020-05-08T12:58:18.931Z", "user": 1, "root": null, "parent": null, "reply_to": null}}, {"model": "comment.comment", "pk": 53, "fields": {"content_type": 7, "object_id": 33, "text": "<p>8888</p>", "comment_time": "2020-05-08T12:58:22.028Z", "user": 1, "root": 52, "parent": 52, "reply_to": 1}}, {"model": "comment.comment", "pk": 54, "fields": {"content_type": 7, "object_id": 33, "text": "<p>999999</p>", "comment_time": "2020-05-08T13:00:57.213Z", "user": 1, "root": null, "parent": null, "reply_to": null}}, {"model": "comment.comment", "pk": 55, "fields": {"content_type": 7, "object_id": 33, "text": "<p>99999</p>", "comment_time": "2020-05-08T13:01:02.822Z", "user": 1, "root": 54, "parent": 54, "reply_to": 1}}, {"model": "comment.comment", "pk": 56, "fields": {"content_type": 7, "object_id": 33, "text": "<p>12121212</p>", "comment_time": "2020-05-08T13:02:16.741Z", "user": 1, "root": null, "parent": null, "reply_to": null}}, {"model": "comment.comment", "pk": 57, "fields": {"content_type": 7, "object_id": 33, "text": "<p>121212</p>", "comment_time": "2020-05-08T13:02:21.688Z", "user": 1, "root": 56, "parent": 56, "reply_to": 1}}, {"model": "comment.comment", "pk": 58, "fields": {"content_type": 7, "object_id": 33, "text": "<p>111111111</p>", "comment_time": "2020-05-08T13:03:06.391Z", "user": 1, "root": null, "parent": null, "reply_to": null}}, {"model": "comment.comment", "pk": 59, "fields": {"content_type": 7, "object_id": 33, "text": "<p>222222</p>", "comment_time": "2020-05-08T13:03:09.957Z", "user": 1, "root": 58, "parent": 58, "reply_to": 1}}, {"model": "comment.comment", "pk": 60, "fields": {"content_type": 7, "object_id": 33, "text": "<p>111111111</p>", "comment_time": "2020-05-08T13:04:25.077Z", "user": 1, "root": null, "parent": null, "reply_to": null}}, {"model": "comment.comment", "pk": 61, "fields": {"content_type": 7, "object_id": 33, "text": "<p>2222222</p>", "comment_time": "2020-05-08T13:04:30.422Z", "user": 1, "root": 60, "parent": 60, "reply_to": 1}}, {"model": "comment.comment", "pk": 62, "fields": {"content_type": 7, "object_id": 33, "text": "<p>22222</p>", "comment_time": "2020-05-08T13:06:01.751Z", "user": 1, "root": null, "parent": null, "reply_to": null}}, {"model": "comment.comment", "pk": 63, "fields": {"content_type": 7, "object_id": 33, "text": "<p>3333</p>", "comment_time": "2020-05-08T13:06:04.407Z", "user": 1, "root": 62, "parent": 62, "reply_to": 1}}, {"model": "comment.comment", "pk": 64, "fields": {"content_type": 7, "object_id": 33, "text": "<p>44444</p>", "comment_time": "2020-05-08T13:07:55.612Z", "user": 1, "root": null, "parent": null, "reply_to": null}}, {"model": "comment.comment", "pk": 65, "fields": {"content_type": 7, "object_id": 33, "text": "<p>55555</p>", "comment_time": "2020-05-08T13:07:58.455Z", "user": 1, "root": 64, "parent": 64, "reply_to": 1}}, {"model": "comment.comment", "pk": 66, "fields": {"content_type": 7, "object_id": 33, "text": "<p>3453453</p>", "comment_time": "2020-05-08T13:08:16.846Z", "user": 1, "root": 64, "parent": 64, "reply_to": 1}}, {"model": "comment.comment", "pk": 67, "fields": {"content_type": 7, "object_id": 33, "text": "<p>asdfasdfad</p>", "comment_time": "2020-05-08T13:08:40.546Z", "user": 1, "root": 64, "parent": 64, "reply_to": 1}}, {"model": "comment.comment", "pk": 68, "fields": {"content_type": 7, "object_id": 34, "text": "<p>111111123333</p>", "comment_time": "2020-05-08T16:44:25.354Z", "user": 1, "root": null, "parent": null, "reply_to": null}}, {"model": "comment.comment", "pk": 69, "fields": {"content_type": 7, "object_id": 34, "text": "<p>5324234</p>", "comment_time": "2020-05-08T17:09:59.073Z", "user": 1, "root": null, "parent": null, "reply_to": null}}, {"model": "comment.comment", "pk": 70, "fields": {"content_type": 7, "object_id": 34, "text": "<p>dfghdgfh</p>", "comment_time": "2020-05-08T17:10:08.026Z", "user": 1, "root": 69, "parent": 69, "reply_to": 1}}, {"model": "comment.comment", "pk": 71, "fields": {"content_type": 7, "object_id": 34, "text": "<p>11111333333</p>", "comment_time": "2020-05-08T17:15:56.367Z", "user": 1, "root": 69, "parent": 69, "reply_to": 1}}, {"model": "comment.comment", "pk": 72, "fields": {"content_type": 7, "object_id": 34, "text": "<p>223125677122</p>", "comment_time": "2020-05-08T17:19:26.931Z", "user": 1, "root": 69, "parent": 69, "reply_to": 1}}, {"model": "comment.comment", "pk": 73, "fields": {"content_type": 7, "object_id": 34, "text": "<p>543211</p>", "comment_time": "2020-05-08T17:20:28.229Z", "user": 1, "root": 69, "parent": 69, "reply_to": 1}}, {"model": "comment.comment", "pk": 74, "fields": {"content_type": 7, "object_id": 34, "text": "<p>sdfasdfa</p>", "comment_time": "2020-05-08T17:24:44.731Z", "user": 1, "root": null, "parent": null, "reply_to": null}}, {"model": "comment.comment", "pk": 75, "fields": {"content_type": 7, "object_id": 34, "text": "<p>dcasdfasdf</p>", "comment_time": "2020-05-08T17:25:16.995Z", "user": 1, "root": 74, "parent": 74, "reply_to": 1}}, {"model": "comment.comment", "pk": 76, "fields": {"content_type": 7, "object_id": 32, "text": "<p>123123123123</p>", "comment_time": "2020-05-09T16:32:55.822Z", "user": 1, "root": null, "parent": null, "reply_to": null}}, {"model": "comment.comment", "pk": 77, "fields": {"content_type": 7, "object_id": 32, "text": "<p>1231sdf3</p>", "comment_time": "2020-05-09T16:33:02.996Z", "user": 1, "root": 76, "parent": 76, "reply_to": 1}}, {"model": "comment.comment", "pk": 78, "fields": {"content_type": 7, "object_id": 32, "text": "<p>dde323</p>", "comment_time": "2020-05-09T16:34:44.940Z", "user": 1, "root": 76, "parent": 77, "reply_to": 1}}, {"model": "comment.comment", "pk": 79, "fields": {"content_type": 7, "object_id": 32, "text": "<p>asdfasdf</p>", "comment_time": "2020-05-09T16:35:08.193Z", "user": 1, "root": 76, "parent": 78, "reply_to": 1}}, {"model": "comment.comment", "pk": 80, "fields": {"content_type": 7, "object_id": 32, "text": "<p>asdfasdf</p>", "comment_time": "2020-05-09T16:35:27.956Z", "user": 1, "root": 76, "parent": 79, "reply_to": 1}}, {"model": "comment.comment", "pk": 81, "fields": {"content_type": 7, "object_id": 32, "text": "<p>asdfasdf</p>", "comment_time": "2020-05-09T16:36:42.949Z", "user": 1, "root": 76, "parent": 80, "reply_to": 1}}, {"model": "comment.comment", "pk": 82, "fields": {"content_type": 7, "object_id": 32, "text": "<p>23sdfasdfsa</p>", "comment_time": "2020-05-09T16:37:08.301Z", "user": 1, "root": 76, "parent": 81, "reply_to": 1}}, {"model": "comment.comment", "pk": 83, "fields": {"content_type": 7, "object_id": 35, "text": "<p>\u8bc4\u8bba\u53d1\u9001\u90ae\u4ef6\u6d4b\u8bd5</p>", "comment_time": "2020-05-11T12:44:06.113Z", "user": 2, "root": null, "parent": null, "reply_to": null}}, {"model": "comment.comment", "pk": 84, "fields": {"content_type": 7, "object_id": 35, "text": "<p>\u90ae\u4ef6\u6d4b\u8bd5</p>", "comment_time": "2020-05-11T12:46:03.565Z", "user": 2, "root": null, "parent": null, "reply_to": null}}, {"model": "comment.comment", "pk": 85, "fields": {"content_type": 7, "object_id": 35, "text": "<p>\u90ae\u4ef6\u6d4b\u8bd5</p>", "comment_time": "2020-05-11T12:46:29.821Z", "user": 2, "root": null, "parent": null, "reply_to": null}}, {"model": "comment.comment", "pk": 86, "fields": {"content_type": 7, "object_id": 35, "text": "<p>html\u90ae\u4ef6\u6d4b\u8bd5</p>", "comment_time": "2020-05-11T12:50:38.205Z", "user": 2, "root": null, "parent": null, "reply_to": null}}, {"model": "comment.comment", "pk": 87, "fields": {"content_type": 7, "object_id": 35, "text": "<p>html\u6a21\u677f\u90ae\u4ef6\u6d4b\u8bd5</p>", "comment_time": "2020-05-11T13:01:34.830Z", "user": 2, "root": null, "parent": null, "reply_to": null}}, {"model": "comment.comment", "pk": 88, "fields": {"content_type": 7, "object_id": 35, "text": "<p>html\u6a21\u677f\u90ae\u4ef6\u6d4b\u8bd52</p>", "comment_time": "2020-05-11T14:14:31.439Z", "user": 2, "root": null, "parent": null, "reply_to": null}}, {"model": "comment.comment", "pk": 89, "fields": {"content_type": 7, "object_id": 35, "text": "<p>html\u6a21\u677f\u90ae\u4ef6\u6d4b\u8bd53</p>", "comment_time": "2020-05-11T14:19:50.090Z", "user": 2, "root": null, "parent": null, "reply_to": null}}, {"model": "comment.comment", "pk": 90, "fields": {"content_type": 7, "object_id": 35, "text": "<p>html\u6a21\u677f\u90ae\u4ef6\u6d4b\u8bd54</p>", "comment_time": "2020-05-11T14:29:51.387Z", "user": 2, "root": null, "parent": null, "reply_to": null}}, {"model": "comment.comment", "pk": 91, "fields": {"content_type": 7, "object_id": 35, "text": "<p>sdfasdfadfs</p>", "comment_time": "2020-05-11T14:33:28.024Z", "user": 2, "root": null, "parent": null, "reply_to": null}}, {"model": "likes.likerecord", "pk": 6, "fields": {"content_type": 7, "object_id": 35, "user": 1, "liked_time": "2020-05-08T16:36:35.288Z"}}, {"model": "likes.likerecord", "pk": 8, "fields": {"content_type": 7, "object_id": 34, "user": 1, "liked_time": "2020-05-08T16:37:09.525Z"}}, {"model": "likes.likerecord", "pk": 10, "fields": {"content_type": 11, "object_id": 42, "user": 1, "liked_time": "2020-05-08T16:40:44.208Z"}}, {"model": "likes.likerecord", "pk": 12, "fields": {"content_type": 11, "object_id": 43, "user": 1, "liked_time": "2020-05-08T16:41:01.799Z"}}, {"model": "likes.likerecord", "pk": 13, "fields": {"content_type": 11, "object_id": 69, "user": 1, "liked_time": "2020-05-08T17:10:00.914Z"}}, {"model": "likes.likerecord", "pk": 14, "fields": {"content_type": 11, "object_id": 68, "user": 1, "liked_time": "2020-05-08T17:10:03.133Z"}}, {"model": "likes.likerecord", "pk": 15, "fields": {"content_type": 11, "object_id": 70, "user": 1, "liked_time": "2020-05-08T17:10:14.010Z"}}, {"model": "likes.likerecord", "pk": 17, "fields": {"content_type": 11, "object_id": 71, "user": 1, "liked_time": "2020-05-08T17:19:21.044Z"}}, {"model": "likes.likerecord", "pk": 18, "fields": {"content_type": 11, "object_id": 72, "user": 1, "liked_time": "2020-05-08T17:19:28.179Z"}}, {"model": "user.profile", "pk": 1, "fields": {"user": 1, "nickname": "\u7ba1\u7406\u5458"}}, {"model": "user.profile", "pk": 2, "fields": {"user": 2, "nickname": "abcd"}}, {"model": "admin.logentry", "pk": 1, "fields": {"action_time": "2020-04-30T01:53:07.815Z", "user": 1, "content_type": 8, "object_id": "1", "object_repr": "Django", "action_flag": 1, "change_message": "[{\"added\": {}}]"}}, {"model": "admin.logentry", "pk": 2, "fields": {"action_time": "2020-04-30T01:53:11.889Z", "user": 1, "content_type": 8, "object_id": "2", "object_repr": "Flask", "action_flag": 1, "change_message": "[{\"added\": {}}]"}}, {"model": "admin.logentry", "pk": 3, "fields": {"action_time": "2020-04-30T01:53:15.061Z", "user": 1, "content_type": 8, "object_id": "3", "object_repr": "\u968f\u7b14", "action_flag": 1, "change_message": "[{\"added\": {}}]"}}, {"model": "admin.logentry", "pk": 4, "fields": {"action_time": "2020-04-30T01:53:19.132Z", "user": 1, "content_type": 8, "object_id": "4", "object_repr": "\u611f\u609f", "action_flag": 1, "change_message": "[{\"added\": {}}]"}}, {"model": "admin.logentry", "pk": 5, "fields": {"action_time": "2020-04-30T01:53:35.768Z", "user": 1, "content_type": 7, "object_id": "1", "object_repr": "<Blog: \u7b2c\u4e00\u7bc7\u535a\u5ba2>", "action_flag": 1, "change_message": "[{\"added\": {}}]"}}, {"model": "admin.logentry", "pk": 6, "fields": {"action_time": "2020-04-30T02:04:47.989Z", "user": 1, "content_type": 7, "object_id": "2", "object_repr": "<Blog: \u7b2c\u4e8c\u7bc7\u535a\u5ba2>", "action_flag": 1, "change_message": "[{\"added\": {}}]"}}, {"model": "admin.logentry", "pk": 7, "fields": {"action_time": "2020-04-30T02:16:30.648Z", "user": 1, "content_type": 7, "object_id": "3", "object_repr": "<Blog: \u7b2c\u4e09\u7bc7\u535a\u5ba2>", "action_flag": 1, "change_message": "[{\"added\": {}}]"}}, {"model": "admin.logentry", "pk": 8, "fields": {"action_time": "2020-04-30T02:16:38.658Z", "user": 1, "content_type": 7, "object_id": "3", "object_repr": "<Blog: \u7b2c\u4e09\u7bc7\u535a\u5ba2>", "action_flag": 2, "change_message": "[{\"changed\": {\"fields\": [\"is_deleted\"]}}]"}}, {"model": "admin.logentry", "pk": 9, "fields": {"action_time": "2020-04-30T02:16:48.807Z", "user": 1, "content_type": 7, "object_id": "3", "object_repr": "<Blog: \u7b2c\u4e09\u7bc7\u535a\u5ba2>", "action_flag": 2, "change_message": "[{\"changed\": {\"fields\": [\"is_deleted\"]}}]"}}, {"model": "admin.logentry", "pk": 10, "fields": {"action_time": "2020-04-30T02:20:50.341Z", "user": 1, "content_type": 7, "object_id": "2", "object_repr": "<Blog: \u7b2c\u4e8c\u7bc7\u535a\u5ba2>", "action_flag": 2, "change_message": "[{\"changed\": {\"fields\": [\"is_deleted\"]}}]"}}, {"model": "admin.logentry", "pk": 11, "fields": {"action_time": "2020-04-30T02:20:54.018Z", "user": 1, "content_type": 7, "object_id": "1", "object_repr": "<Blog: \u7b2c\u4e00\u7bc7\u535a\u5ba2>", "action_flag": 2, "change_message": "[{\"changed\": {\"fields\": [\"is_deleted\"]}}]"}}, {"model": "admin.logentry", "pk": 12, "fields": {"action_time": "2020-04-30T02:21:41.284Z", "user": 1, "content_type": 7, "object_id": "1", "object_repr": "<Blog: \u7b2c\u4e00\u7bc7\u535a\u5ba2>", "action_flag": 2, "change_message": "[{\"changed\": {\"fields\": [\"is_deleted\"]}}]"}}, {"model": "admin.logentry", "pk": 13, "fields": {"action_time": "2020-04-30T02:21:49.314Z", "user": 1, "content_type": 7, "object_id": "2", "object_repr": "<Blog: \u7b2c\u4e8c\u7bc7\u535a\u5ba2>", "action_flag": 2, "change_message": "[{\"changed\": {\"fields\": [\"is_deleted\"]}}]"}}, {"model": "admin.logentry", "pk": 14, "fields": {"action_time": "2020-04-30T02:21:54.323Z", "user": 1, "content_type": 7, "object_id": "3", "object_repr": "<Blog: \u7b2c\u4e09\u7bc7\u535a\u5ba2>", "action_flag": 2, "change_message": "[{\"changed\": {\"fields\": [\"is_deleted\"]}}]"}}, {"model": "admin.logentry", "pk": 15, "fields": {"action_time": "2020-04-30T02:27:03.444Z", "user": 1, "content_type": 7, "object_id": "4", "object_repr": "<Blog: \u7b2c\u56db\u7bc7\u535a\u5ba2-\u957f\u5185\u5bb9>", "action_flag": 1, "change_message": "[{\"added\": {}}]"}}, {"model": "admin.logentry", "pk": 16, "fields": {"action_time": "2020-04-30T02:32:00.042Z", "user": 1, "content_type": 7, "object_id": "4", "object_repr": "<Blog: \u7b2c\u56db\u7bc7\u535a\u5ba2-\u957f\u5185\u5bb9>", "action_flag": 2, "change_message": "[{\"changed\": {\"fields\": [\"content\"]}}]"}}, {"model": "admin.logentry", "pk": 17, "fields": {"action_time": "2020-04-30T02:33:20.775Z", "user": 1, "content_type": 7, "object_id": "3", "object_repr": "<Blog: \u7b2c\u4e09\u7bc7\u535a\u5ba2>", "action_flag": 2, "change_message": "[{\"changed\": {\"fields\": [\"content\"]}}]"}}, {"model": "admin.logentry", "pk": 18, "fields": {"action_time": "2020-04-30T02:56:16.788Z", "user": 1, "content_type": 7, "object_id": "5", "object_repr": "<Blog: \u7b2c\u4e94\u7bc7\u535a\u5ba2>", "action_flag": 1, "change_message": "[{\"added\": {}}]"}}, {"model": "admin.logentry", "pk": 19, "fields": {"action_time": "2020-05-06T09:11:53.841Z", "user": 1, "content_type": 9, "object_id": "1", "object_repr": "ReadNum object (1)", "action_flag": 1, "change_message": "[{\"added\": {}}]"}}, {"model": "admin.logentry", "pk": 20, "fields": {"action_time": "2020-05-06T10:41:01.331Z", "user": 1, "content_type": 10, "object_id": "1", "object_repr": "ReadDetail object (1)", "action_flag": 1, "change_message": "[{\"added\": {}}]"}}, {"model": "admin.logentry", "pk": 21, "fields": {"action_time": "2020-05-06T10:41:45.993Z", "user": 1, "content_type": 10, "object_id": "2", "object_repr": "ReadDetail object (2)", "action_flag": 1, "change_message": "[{\"added\": {}}]"}}, {"model": "admin.logentry", "pk": 22, "fields": {"action_time": "2020-05-06T10:42:07.797Z", "user": 1, "content_type": 10, "object_id": "3", "object_repr": "ReadDetail object (3)", "action_flag": 1, "change_message": "[{\"added\": {}}]"}}, {"model": "admin.logentry", "pk": 23, "fields": {"action_time": "2020-05-06T10:42:16.211Z", "user": 1, "content_type": 9, "object_id": "5", "object_repr": "ReadNum object (5)", "action_flag": 2, "change_message": "[{\"changed\": {\"fields\": [\"read_num\"]}}]"}}, {"model": "admin.logentry", "pk": 24, "fields": {"action_time": "2020-05-06T11:24:38.321Z", "user": 1, "content_type": 10, "object_id": "2", "object_repr": "ReadDetail object (2)", "action_flag": 2, "change_message": "[{\"changed\": {\"fields\": [\"date\"]}}]"}}, {"model": "admin.logentry", "pk": 25, "fields": {"action_time": "2020-05-06T11:25:01.043Z", "user": 1, "content_type": 10, "object_id": "3", "object_repr": "ReadDetail object (3)", "action_flag": 2, "change_message": "[]"}}, {"model": "admin.logentry", "pk": 26, "fields": {"action_time": "2020-05-06T11:25:07.419Z", "user": 1, "content_type": 10, "object_id": "7", "object_repr": "ReadDetail object (7)", "action_flag": 2, "change_message": "[{\"changed\": {\"fields\": [\"date\"]}}]"}}, {"model": "admin.logentry", "pk": 27, "fields": {"action_time": "2020-05-06T11:25:19.213Z", "user": 1, "content_type": 10, "object_id": "1", "object_repr": "ReadDetail object (1)", "action_flag": 2, "change_message": "[{\"changed\": {\"fields\": [\"date\", \"read_num\"]}}]"}}, {"model": "admin.logentry", "pk": 28, "fields": {"action_time": "2020-05-06T12:27:12.501Z", "user": 1, "content_type": 10, "object_id": "13", "object_repr": "ReadDetail object (13)", "action_flag": 2, "change_message": "[{\"changed\": {\"fields\": [\"read_num\"]}}]"}}, {"model": "admin.logentry", "pk": 29, "fields": {"action_time": "2020-05-07T16:23:32.487Z", "user": 1, "content_type": 11, "object_id": "24", "object_repr": "Comment object (24)", "action_flag": 2, "change_message": "[{\"changed\": {\"fields\": [\"parent_id\"]}}]"}}, {"model": "admin.logentry", "pk": 30, "fields": {"action_time": "2020-05-07T16:23:37.132Z", "user": 1, "content_type": 11, "object_id": "23", "object_repr": "Comment object (23)", "action_flag": 2, "change_message": "[{\"changed\": {\"fields\": [\"parent_id\"]}}]"}}, {"model": "admin.logentry", "pk": 31, "fields": {"action_time": "2020-05-07T16:23:41.282Z", "user": 1, "content_type": 11, "object_id": "22", "object_repr": "Comment object (22)", "action_flag": 2, "change_message": "[{\"changed\": {\"fields\": [\"parent_id\"]}}]"}}, {"model": "admin.logentry", "pk": 32, "fields": {"action_time": "2020-05-07T16:23:46.302Z", "user": 1, "content_type": 11, "object_id": "21", "object_repr": "Comment object (21)", "action_flag": 2, "change_message": "[{\"changed\": {\"fields\": [\"parent_id\"]}}]"}}, {"model": "admin.logentry", "pk": 33, "fields": {"action_time": "2020-05-07T16:26:49.436Z", "user": 1, "content_type": 11, "object_id": "24", "object_repr": "Comment object (24)", "action_flag": 2, "change_message": "[{\"changed\": {\"fields\": [\"parent\"]}}]"}}, {"model": "admin.logentry", "pk": 34, "fields": {"action_time": "2020-05-07T16:27:23.488Z", "user": 1, "content_type": 11, "object_id": "23", "object_repr": "<p>fghd65895</p>", "action_flag": 2, "change_message": "[{\"changed\": {\"fields\": [\"parent\"]}}]"}}, {"model": "admin.logentry", "pk": 35, "fields": {"action_time": "2020-05-07T16:27:29.337Z", "user": 1, "content_type": 11, "object_id": "22", "object_repr": "<p>adfawerasdf</p>", "action_flag": 2, "change_message": "[{\"changed\": {\"fields\": [\"parent\"]}}]"}}, {"model": "admin.logentry", "pk": 36, "fields": {"action_time": "2020-05-09T15:26:11.882Z", "user": 1, "content_type": 14, "object_id": "1", "object_repr": "<Profile: \u7ba1\u7406\u5458 for admin>", "action_flag": 1, "change_message": "[{\"added\": {}}]"}}, {"model": "admin.logentry", "pk": 37, "fields": {"action_time": "2020-05-09T15:37:10.572Z", "user": 1, "content_type": 4, "object_id": "2", "object_repr": "csm", "action_flag": 2, "change_message": "[{\"changed\": {\"fields\": [\"is_staff\", \"last_login\"]}}]"}}, {"model": "admin.logentry", "pk": 38, "fields": {"action_time": "2020-05-09T21:50:38.878Z", "user": 1, "content_type": 4, "object_id": "1", "object_repr": "admin", "action_flag": 2, "change_message": "[{\"changed\": {\"fields\": [\"email\", \"last_login\"]}}]"}}]